"branch","model","rmse","mae","mape"
"16 de Julio","Naive",2930.20651063319,2594.19,8.69476681560138
"16 de Julio","ETS",2624.69065212321,2367.38727210589,7.95569446082392
"16 de Julio","ARIMA",2277.59463898787,2043.12649494485,6.8617749281989
"Ceja","Naive",4192.27402135961,3626.07,9.9801811645246
"Ceja","ETS",1748.59007050658,1643.70840966476,4.60780209953756
"Ceja","ARIMA",2003.89476658191,1879.57381093344,5.26072816120476
"Global","Naive",7659.42934701498,6717.58,10.2230397924207
"Global","ETS",5999.14345701598,5463.69943134402,8.36779369501835
"Global","ARIMA",3759.3158472371,3451.70571598095,5.29810264873614
