"date","branch","observation_type","portfolio_kbob","disbursements_kbob","overdue_kbob","clients","mora_rate","source_sheet","portfolio_growth_mom","clients_growth_mom","avg_balance_bob","disbursement_per_client_bob","clients_per_million_bob","client_outreach_index","portfolio_depth_index","risk_penalty","inclusion_responsibility_score"
2012-03-01,"16 de Julio","observed",109.8333994,109.8333297,0,18,0,"PP.16julio",,,6101.85552222222,6101.85165,163.884575168671,0.0106824925816024,0.00351568242235601,1,20.6395951017508
2012-04-01,"16 de Julio","observed",500.3463987,398.7431056,0,79,0,"PP.16julio",3.5555031660069,3.38888888888889,6333.49871772152,5047.3810835443,157.89061379328,0.0468842729970326,0.0160157024057176,1,22.8246847220232
2012-05-01,"16 de Julio","observed",1245.8639414,769.8495339,0,176,0,"PP.16julio",1.49000281532355,1.22784810126582,7078.77239431818,4374.14507897727,141.26743230262,0.104451038575668,0.039879144079621,1,26.418926251172
2012-06-01,"16 de Julio","observed",2555.05,1396.8,0,275,0,"PP.16julio",1.05082586877733,0.5625,9291.09090909091,5079.27272727273,107.629987671474,0.163204747774481,0.081785180303185,1,30.6137927978196
2012-07-01,"16 de Julio","observed",4036.67,1615,0,381,0,"PP.16julio",0.579879063032035,0.385454545454545,10594.9343832021,4238.84514435696,94.3847280060049,0.226112759643917,0.129210694027302,1,35.1819588030149
2012-08-01,"16 de Julio","observed",6237.23,2459.4,0,500,0,"PP.16julio",0.545142406983974,0.312335958005249,12474.46,4918.8,80.1637906570705,0.29673590504451,0.199648922777415,1,40.826262935548
2012-09-01,"16 de Julio","observed",8036.08,2151.6,0,634,0,"PP.16julio",0.288405269646943,0.268,12675.2050473186,3393.69085173502,78.8941872156574,0.376261127596439,0.257228724185757,1,46.5299181053947
2012-10-01,"16 de Julio","observed",10302.53,2856.8,5.55,790,0.000538702629354149,"PP.16julio",0.282034275417866,0.246056782334385,13041.1772151899,3616.20253164557,76.6801940882482,0.468842729970326,0.329776041028149,0.973064868532293,52.7967151000067
2012-11-01,"16 de Julio","observed",12085.33,2408.3,-5.55,899,-0.000459234460291941,"PP.16julio",0.173044873443707,0.137974683544304,13443.0812013348,2678.86540600667,74.3877080725144,0.53353115727003,0.386842094312632,1,58.2818206928805
2012-12-01,"16 de Julio","observed",13441.7,2095.7,10.37,982,0.000771479797942224,"PP.16julio",0.11223276484796,0.0923248053392658,13688.0855397149,2134.11405295316,73.0562354464093,0.582789317507418,0.430258452116914,0.961426010102889,61.2757396409361
2013-01-01,"16 de Julio","observed",14620.19,2170.2,3.62,1059,0.000247602801331583,"PP.16julio",0.0876741781173511,0.0784114052953158,13805.656279509,2049.29178470255,72.4340791740737,0.628486646884273,0.467981008284308,0.987619859933421,65.2161597914113
2013-02-01,"16 de Julio","observed",15548.97,1824.8,40.72,1140,0.00261882298313007,"PP.16julio",0.063527218182527,0.0764872521246458,13639.4473684211,1600.70175438596,73.3167534569814,0.676557863501484,0.497710539902865,0.869058850843496,66.1403863890301
2013-03-01,"16 de Julio","observed",16444.13,2080.2,41.04,1220,0.00249572339795416,"PP.16julio",0.0575703728285539,0.0701754385964912,13478.7950819672,1705.08196721311,74.1906078339201,0.724035608308605,0.526363921245774,0.875213830102292,69.4969746548493
2013-04-01,"16 de Julio","observed",18079.5,2964.7,70.61,1331,0.00390552836085069,"PP.16julio",0.0994500773224245,0.090983606557377,13583.3959429001,2227.42299023291,73.6192925689317,0.789910979228487,0.5787108539134,0.804723581957466,72.9513462179756
2013-05-01,"16 de Julio","observed",19145.88,2400.6,58.12,1406,0.00303564004370653,"PP.16julio",0.0589828258524849,0.0563486100676183,13617.2688477952,1707.39687055477,73.4361648563555,0.834421364985163,0.612844855428717,0.848217997814673,77.0707738684131
2013-06-01,"16 de Julio","observed",19630.58,2084.8,-10.68,1450,-0.000544049131508086,"PP.16julio",0.0253161515689015,0.0312944523470839,13538.3310344828,1437.79310344828,73.8643483789068,0.86053412462908,0.628359728676972,1,81.8774980917632
2013-07-01,"16 de Julio","observed",20415.83,2528.5,18.66,1492,0.000913996638882671,"PP.16julio",0.0400013652169218,0.0289655172413794,13683.5321715818,1694.70509383378,73.0805458313475,0.885459940652819,0.653494975671386,0.954300168055866,82.9638496638999
2013-08-01,"16 de Julio","observed",21161.62,2736.28,-12.49,1526,-0.000590219463349214,"PP.16julio",0.0365299867798663,0.0227882037533511,13867.378768021,1793.10615989515,72.1116814308167,0.905637982195846,0.67736713849337,1,85.6029132645934
2013-09-01,"16 de Julio","observed",22062.39,2859.75,-54.66,1570,-0.0024775194346578,"PP.16julio",0.0425662118495653,0.0288335517693317,14052.4777070064,1821.49681528662,71.1618278890002,0.931750741839763,0.706200091610413,1,87.7735398403005
2013-10-01,"16 de Julio","observed",23705.26,3771.6,41.52,1617,0.0017515100024214,"PP.16julio",0.0744647338751603,0.0299363057324842,14660.0247371676,2332.46753246753,68.2127089093307,0.959643916913947,0.758787093494796,0.91242449987893,88.9942986481198
2013-11-01,"16 de Julio","observed",25492.5,3948.3,-52.19,1638,-0.00204726880455036,"PP.16julio",0.075394237397101,0.0129870129870129,15563.1868131868,2410.43956043956,64.2541924095322,0.972106824925816,0.815995267755599,1,93.0851992789588
2013-12-01,"16 de Julio","observed",26577.75,3243.1,1.63,1641,6.13294955366801e-05,"PP.16julio",0.0425713445130922,0.00183150183150182,16196.0694698355,1976.29494210847,61.7433755679092,0.973887240356083,0.850733283420276,0.996933525223166,94.1550310248757
2014-01-01,"16 de Julio","observed",27343.68,3081.5,-2.53,1649,-9.25259511521492e-05,"PP.16julio",0.0288184665744844,0.00487507617306515,16581.9769557307,1868.70830806549,60.3064400987724,0.978635014836795,0.875250112112324,1,95.1892541052095
2014-02-01,"16 de Julio","observed",27789.31,2849,128.02,1657,0.00460680743782411,"PP.16julio",0.0162973674355464,0.00485142510612491,16770.8569704285,1719.37235968618,59.6272451529023,0.983382789317507,0.889514384787422,0.769659628108794,91.2477635716739
2014-03-01,"16 de Julio","observed",28231.32,2688.8,74.3,1663,0.00263182876323176,"PP.16julio",0.015905756566104,0.00362100181050096,16976.1395069152,1616.83704149128,58.9062077154026,0.986943620178041,0.903662784053898,0.868408561838412,93.8252357672873
2014-04-01,"16 de Julio","observed",29147.17,3633.1,91.75,1659,0.00314781846745327,"PP.16julio",0.0324409202261884,-0.00240529164161152,17569.1199517782,2189.93369499699,56.9180472752586,0.984569732937685,0.932978436342766,0.842609076627336,94.070021269714
2014-05-01,"16 de Julio","observed",29805.28,3197.8,136.45,1666,0.00457804791634234,"PP.16julio",0.0225788644317784,0.00421940928270037,17890.3241296519,1919.44777911164,55.8961365234616,0.988724035608309,0.954044029974722,0.771097604182883,93.4794747633148
2014-06-01,"16 de Julio","observed",30645.83,3221.2,169.94,1667,0.00554528952226127,"PP.16julio",0.0282013790845113,0.000600240096038318,18383.8212357529,1932.33353329334,54.3956551348095,0.989317507418398,0.980949387327354,0.722735523886937,93.3490674684792
2014-07-01,"16 de Julio","observed",31240.99,3262.5,311.13,1685,0.00995903138792977,"PP.16julio",0.0194205867486703,0.0107978404319136,18540.646884273,1936.20178041543,53.9355506979772,1,1,0.502048430603512,90.0409686120702
2012-05-01,"Ceja","observed",134.2182232,134.2182232,0,12,0,"PP.ceja",,,11184.8519333333,11184.8519333333,89.4066372948379,0.00560224089635854,0.0034763292874907,1,20.3844019234426
2012-06-01,"Ceja","observed",1061.6,929.5,0,62,0,"PP.ceja",6.90950717934999,4.16666666666667,17122.5806451613,14991.935483871,58.4024114544084,0.0289449112978525,0.0274960514571923,1,22.2721271086084
2012-07-01,"Ceja","observed",2052.71,1017.2,0,115,0,"PP.ceja",0.933600226073851,0.854838709677419,17849.652173913,8845.21739130435,56.0235006406165,0.053688141923436,0.0531663713137653,1,24.2793982355848
2012-08-01,"Ceja","observed",3876.93,1894,0,222,0,"PP.ceja",0.888688611640222,0.930434782608696,17463.6486486487,8531.53153153153,57.261802508686,0.103641456582633,0.100414720022544,1,28.194514429808
2012-09-01,"Ceja","observed",6002.42,2289,0,365,0,"PP.ceja",0.548240489253095,0.644144144144144,16444.9863013699,6271.23287671233,60.8088071144638,0.170401493930906,0.155466135255916,1,33.1840587542228
2012-10-01,"Ceja","observed",8311.89,2585.8,0,528,0,"PP.ceja",0.38475648155244,0.446575342465753,15742.2159090909,4897.34848484848,63.5234585635758,0.246498599439776,0.215282738457538,1,38.7834121257149
2012-11-01,"Ceja","observed",10104.42,2257.4,0,678,0,"PP.ceja",0.215658532535921,0.284090909090909,14903.2743362832,3329.49852507375,67.099348601899,0.316526610644258,0.261710297913605,1,43.677639469621
2012-12-01,"Ceja","observed",12137.63,2636.9,0,783,0,"PP.ceja",0.201219862198919,0.154867256637168,15501.4431673052,3367.68837803321,64.5101226516214,0.365546218487395,0.314371607995819,1,47.7084591642443
2013-01-01,"Ceja","observed",13987.79,2650.2,0,887,0,"PP.ceja",0.152431735025701,0.132822477650064,15769.7745208568,2987.82412626832,63.4124475703453,0.414098972922502,0.362291817645441,1,51.5737031754883
2013-02-01,"Ceja","observed",15535.86,2574.8,4.26,973,0.000274204324704265,"PP.ceja",0.110672951195292,0.0969560315670801,15966.9681397739,2646.24871531346,62.629297637852,0.454248366013072,0.402387722298168,0.986289783764787,54.5098456448944
2013-03-01,"Ceja","observed",17521.57,3248.9,0,1100,0,"PP.ceja",0.127814617278992,0.130524152106886,15928.7,2953.54545454545,62.7797623158199,0.513538748832866,0.453818755021474,1,59.2915000922875
2013-04-01,"Ceja","observed",19756.89,3864.6,3.48,1205,0.000176141082933599,"PP.ceja",0.12757532572709,0.0954545454545455,16395.7593360996,3207.13692946058,60.9913807284446,0.562558356676004,0.511714830514401,0.99119294585332,63.3032216662986
2013-05-01,"Ceja","observed",21094.99,2794.6,42.28,1306,0.00200426736395703,"PP.ceja",0.0677282709981177,0.083817427385892,16152.3660030628,2139.81623277182,61.9104346577078,0.609710550887022,0.546372391229236,0.899786631802148,64.8724319172711
2013-06-01,"Ceja","observed",21892.1,2372,29.31,1387,0.00133883912461573,"PP.ceja",0.0377866972205247,0.0620214395099541,15783.7779379957,1710.16582552271,63.3561878485847,0.647525676937442,0.567017999346269,0.933058043769214,68.0479847026444
2013-07-01,"Ceja","observed",23572.65,3440.3,38.18,1491,0.00161967364721404,"PP.ceja",0.0767651344548947,0.0749819754866619,15809.9597585513,2307.37759892689,63.2512678888458,0.696078431372549,0.610545212304431,0.919016317639298,71.5006042905463
2013-08-01,"Ceja","observed",24300.73,2701.2,-16.22,1561,-0.000667469660376458,"PP.ceja",0.0308866419346148,0.0469483568075117,15567.4119154388,1730.42921204356,64.2367533814828,0.72875816993464,0.629402903661772,1,75.3199956065852
2013-09-01,"Ceja","observed",25587.26,3373.2,8.34,1634,0.00032594345779892,"PP.ceja",0.0529420309595636,0.0467648942985266,15659.2778457772,2064.38188494492,63.8599052809875,0.762838468720822,0.662724771673472,0.983702827110054,77.6977231284463
2013-10-01,"Ceja","observed",27680.78,4429,25.51,1717,0.000921578076918353,"PP.ceja",0.0818188426584168,0.0507955936352509,16121.5958066395,2579.49912638323,62.0285989050887,0.801587301587302,0.716948145492859,0.953921096154082,80.6662313672325
2013-11-01,"Ceja","observed",29102.1,3889.3,18.26,1779,0.000627446129317128,"PP.ceja",0.0513468189841471,0.0361094933022714,16358.6846543002,2186.22821810006,61.1296092034595,0.830532212885154,0.753761152140501,0.968627693534144,83.5119990791556
2013-12-01,"Ceja","observed",30579.71,3974.8,18.03,1842,0.000589606637865434,"PP.ceja",0.0507733118915816,0.0354131534569984,16601.3626492942,2157.87187839305,60.2360192428247,0.859943977591036,0.792032102209889,0.970519668106728,86.1685553079831
2014-01-01,"Ceja","observed",31595.04,3832.6,40.98,1908,0.00129703902891087,"PP.ceja",0.0332027347545154,0.0358306188925082,16559.2452830189,2008.70020964361,60.3892256506084,0.890756302521008,0.818329734016625,0.935148048554457,87.7906681176383
2014-02-01,"Ceja","observed",32620.76,3914.4,2.96,1979,9.07397620411051e-05,"PP.ceja",0.032464589378586,0.0372117400419287,16483.4562910561,1977.96867104598,60.6668882024821,0.92390289449113,0.844896472807762,0.995463011897945,91.4512991467483
2014-03-01,"Ceja","observed",33352.14,3552.1,-46.17,2011,-0.00138431896723868,"PP.ceja",0.0224206916086567,0.0161697827185447,16584.8533068125,1766.33515663849,60.2959810075156,0.938842203548086,0.863839636065827,1,92.8572992593791
2014-04-01,"Ceja","observed",34160.23,3955.2,-70.74,2041,-0.00207082914839859,"PP.ceja",0.0242290299812846,0.0149179512680258,16737.0063694268,1937.87359137678,59.7478412762443,0.952847805788982,0.884769632507088,1,94.1854792646617
2014-05-01,"Ceja","observed",35453.44,4113.1,-86.83,2082,-0.00244912764459528,"PP.ceja",0.037857180703994,0.0200881920627143,17028.5494716619,1975.55235350624,58.724907935591,0.971988795518207,0.918264516366315,1,96.1473752668998
2014-06-01,"Ceja","observed",37130.91,4065.5,-22.72,2104,-0.000611889124182521,"PP.ceja",0.0473147316593256,0.0105667627281461,17647.7709125475,1932.27186311787,56.6643801619729,0.982259570494865,0.961711955550468,1,97.9643371912573
2014-07-01,"Ceja","observed",38609.18,4913.3,-188.21,2142,-0.00487474740463278,"PP.ceja",0.0398123827291061,0.018060836501901,18024.827264239,2293.7908496732,55.4790337427524,1,1,1,100
2012-03-01,"Global","observed",109.8333994,109.8333297,0,18,0,"PP.global",,,6101.85552222222,6101.85165,163.884575168671,0.00470342304677293,0.00157241420314367,1,20.282343578433
2012-04-01,"Global","observed",500.3463987,398.7431056,0,79,0,"PP.global",3.5555031660069,3.38888888888889,6333.49871772152,5047.3810835443,157.89061379328,0.0206428011497256,0.00716313788069521,1,21.2470341939071
2012-05-01,"Global","observed",1380.0821646,904.0677571,0,188,0,"PP.global",1.75825341840319,1.37974683544304,7340.86257765957,4808.87104840425,136.223773353733,0.0491246407107395,0.0197577495459209,1,23.0489645219146
2012-06-01,"Global","observed",3616.65,2326.3,0,337,0,"PP.global",1.62060483989244,0.792553191489362,10731.8991097923,6902.96735905045,93.1801529039304,0.0880585314868043,0.0517772540854231,1,25.9562441969029
2012-07-01,"Global","observed",6089.38,2632.2,0,496,0,"PP.global",0.683707298190314,0.471810089020771,12276.9758064516,5306.85483870968,81.4532842424023,0.129605435066632,0.0871777405838812,1,29.095603970848
2012-08-01,"Global","observed",10114.16,4353.4,0,722,0,"PP.global",0.660950704341,0.455645161290323,14008.5318559557,6029.63988919668,71.3850680629929,0.18865952443167,0.144797929625654,1,33.7769141103531
2012-09-01,"Global","observed",14038.5,4440.6,0,999,0,"PP.global",0.388004540169426,0.383656509695291,14052.5525525526,4445.04504504505,71.1614488727428,0.261039979095898,0.200980183727541,1,39.0814044666211
2012-10-01,"Global","observed",18614.42,5442.6,5.55,1318,0.000298155945766777,"PP.global",0.325955052177939,0.319319319319319,14123.2321699545,4129.43854324734,70.8053218956057,0.344395087535929,0.266490690001184,0.985092202711661,44.9163191310652
2012-11-01,"Global","observed",22189.75,4665.7,-5.55,1577,-0.000250115481246972,"PP.global",0.192073134698798,0.196509863429438,14070.8623969562,2958.59226379201,71.0688493561216,0.412072119153384,0.317676392197757,1,50.1338977236019
2012-12-01,"Global","observed",25579.33,4732.6,10.37,1765,0.000405405458235223,"PP.global",0.152754312238759,0.119213696892835,14492.5382436261,2681.3597733711,69.0010254373355,0.461196759864123,0.366202831002416,0.979729727088239,53.6405174650434
2013-01-01,"Global","observed",28607.98,4820.4,3.62,1946,0.000126538119783361,"PP.global",0.118402241184582,0.102549575070822,14700.914696814,2477.08119218911,68.0229782039836,0.508492291612229,0.40956206692124,0.993673094010832,57.5849384684653
2013-02-01,"Global","observed",31084.83,4399.6,44.98,2113,0.00144700807435653,"PP.global",0.0865789894987341,0.0858170606372046,14711.2304779934,2082.15806909607,67.975279260012,0.552129605435067,0.445021536812294,0.927649596282174,59.5101183017656
2013-03-01,"Global","observed",33965.7,5329.1,41.04,2320,0.00120827776256635,"PP.global",0.0926776823292903,0.0979649787032655,14640.3879310345,2297.02586206897,68.3042010027763,0.606218970472955,0.486265101430677,0.939586111871682,63.6906238040017
2013-04-01,"Global","observed",37836.39,6829.3,74.09,2536,0.00195816778503446,"PP.global",0.113958787835964,0.0931034482758621,14919.7121451104,2692.94164037855,67.0254218227479,0.66266004703423,0.541679282956648,0.902091610748277,67.4252130553765
2013-05-01,"Global","observed",40240.87,5195.2,100.4,2712,0.00249497587900063,"PP.global",0.0635494031010888,0.0694006309148265,14838.0789085546,1915.63421828909,67.3941691618496,0.708649072380455,0.576102678060769,0.875251206049969,70.2205580818452
2013-06-01,"Global","observed",41522.68,4456.8,18.63,2837,0.000448670461540536,"PP.global",0.0318534365683445,0.0460914454277286,14636.1226647867,1570.95523440254,68.3241062474773,0.741311732427489,0.594453528173231,0.977566476922973,74.4505220050308
2013-07-01,"Global","observed",43988.48,5968.8,56.84,2983,0.00129215649188151,"PP.global",0.059384413530148,0.0514628128304546,14746.3895407308,2000.93865236339,67.8132092766106,0.779461719362425,0.629754802314726,0.935392175405924,76.5735735456815
2013-08-01,"Global","observed",45462.35,5437.48,-28.71,3087,-0.000631511569463523,"PP.global",0.0335058178868648,0.0348642306402951,14727.032717849,1761.4123744736,67.9023411680215,0.806637052521557,0.650855252034462,1,79.8575101871117
2013-09-01,"Global","observed",47649.65,6232.95,-46.32,3204,-0.000972095282966402,"PP.global",0.0481123391113745,0.0379008746355685,14871.9257178527,1945.36516853933,67.2407877077796,0.837209302325581,0.682169420632763,1,82.3255477352619
2013-10-01,"Global","observed",51386.04,8200.6,67.03,3334,0.00130443988289426,"PP.global",0.0784137973731183,0.0405742821473158,15412.7294541092,2459.68806238752,64.8814347242948,0.871178468774497,0.735660915356398,0.934778005855287,84.3243110165225
2013-11-01,"Global","observed",54594.6,7837.6,-33.93,3417,-0.000621490037476234,"PP.global",0.0624403047987354,0.0248950209958008,15977.3485513608,2293.70793093357,62.5886076644943,0.892866475045728,0.781595807139768,1,88.0911979664794
2013-12-01,"Global","observed",57157.46,7217.9,19.66,3483,0.000343962100485221,"PP.global",0.0469434705996563,0.0193151887620719,16410.4105656044,2072.32271030721,60.93692756816,0.910112359550562,0.818286626933048,0.982801894975739,89.7102546850343
2014-01-01,"Global","observed",58938.72,6914.1,38.45,3557,0.000652372498079361,"PP.global",0.0311640860178182,0.0212460522538043,16569.7835254428,1943.80095586168,60.3508186129594,0.929448654298406,0.84378778176202,0.967381375096032,91.1336936697015
2014-02-01,"Global","observed",60410.07,6763.4,130.98,3636,0.00216818156310695,"PP.global",0.0249640643705868,0.0222097272982851,16614.4306930693,1860.12101210121,60.1886407348973,0.950091455448132,0.864852154261042,0.891590921844653,91.2819558371309
2014-03-01,"Global","observed",61583.46,6240.9,28.13,3674,0.00045677849214708,"PP.global",0.0194237483916175,0.0104510451045106,16761.9651605879,1698.66630375612,59.6588759384419,0.96002090410243,0.881650824901357,0.977161075392646,93.9937914600151
2014-04-01,"Global","observed",63307.4,7588.3,21.01,3700,0.000331872735256858,"PP.global",0.0279935554124435,0.00707675557974952,17110.1081081081,2050.89189189189,58.4449843146299,0.966814737392213,0.906331366122659,0.983406363237157,95.1988051180336
2014-05-01,"Global","observed",65258.72,7310.9,49.62,3748,0.000760358155967509,"PP.global",0.0308229369710333,0.0129729729729731,17411.6115261473,1950.613660619,57.432937697828,0.979357198850274,0.934267160695529,0.961982092201625,96.2355166074121
2014-06-01,"Global","observed",67776.74,7286.7,147.22,3771,0.00217213161919561,"PP.global",0.0385851883089341,0.00613660618996792,17973.1477061787,1932.29912490056,55.6385568264275,0.985367128298929,0.970316035021819,0.891393419040219,96.2057058464054
2014-07-01,"Global","observed",69850.17,8175.8,122.92,3827,0.00175976665482704,"PP.global",0.0305920585734869,0.0148501723680721,18251.9388555004,2136.34700810034,54.7886998700218,1,1,0.912011667258648,98.240233345173
