"date","branch","observation_type","portfolio_kbob","disbursements_kbob","overdue_kbob","clients","mora_rate","source_sheet","portfolio_growth_mom","clients_growth_mom","avg_balance_bob","disbursement_per_client_bob","clients_per_million_bob","month_index","maturity_stage","positive_mora","risk_adjusted_growth","disbursement_growth_mom","next_mora_rate","next_mora_change"
2012-03-01,"16 de Julio","observed",109.8333994,109.8333297,0,18,0,"PP.16julio",,,6101.85552222222,6101.85165,163.884575168671,1,"Launch",0,,,0,0
2012-04-01,"16 de Julio","observed",500.3463987,398.7431056,0,79,0,"PP.16julio",3.5555031660069,3.38888888888889,6333.49871772152,5047.3810835443,157.89061379328,2,"Launch",0,3.5555031660069,2.63043810734985,0,0
2012-05-01,"16 de Julio","observed",1245.8639414,769.8495339,0,176,0,"PP.16julio",1.49000281532355,1.22784810126582,7078.77239431818,4374.14507897727,141.26743230262,3,"Launch",0,1.49000281532355,0.930690520006823,0,0
2012-06-01,"16 de Julio","observed",2555.05,1396.8,0,275,0,"PP.16julio",1.05082586877733,0.5625,9291.09090909091,5079.27272727273,107.629987671474,4,"Launch",0,1.05082586877733,0.814380523066522,0,0
2012-07-01,"16 de Julio","observed",4036.67,1615,0,381,0,"PP.16julio",0.579879063032035,0.385454545454545,10594.9343832021,4238.84514435696,94.3847280060049,5,"Launch",0,0.579879063032035,0.156214203894616,0,0
2012-08-01,"16 de Julio","observed",6237.23,2459.4,0,500,0,"PP.16julio",0.545142406983974,0.312335958005249,12474.46,4918.8,80.1637906570705,6,"Launch",0,0.545142406983974,0.522848297213622,0,0
2012-09-01,"16 de Julio","observed",8036.08,2151.6,0,634,0,"PP.16julio",0.288405269646943,0.268,12675.2050473186,3393.69085173502,78.8941872156574,7,"Scale-up",0,0.288405269646943,-0.125152476213711,0.000538702629354149,0.000538702629354149
2012-10-01,"16 de Julio","observed",10302.53,2856.8,5.55,790,0.000538702629354149,"PP.16julio",0.282034275417866,0.246056782334385,13041.1772151899,3616.20253164557,76.6801940882482,8,"Scale-up",0.000538702629354149,0.281495572788511,0.327756088492285,0,-0.000538702629354149
2012-11-01,"16 de Julio","observed",12085.33,2408.3,-5.55,899,-0.000459234460291941,"PP.16julio",0.173044873443707,0.137974683544304,13443.0812013348,2678.86540600667,74.3877080725144,9,"Scale-up",0,0.173044873443707,-0.156993839260711,0.000771479797942224,0.000771479797942224
2012-12-01,"16 de Julio","observed",13441.7,2095.7,10.37,982,0.000771479797942224,"PP.16julio",0.11223276484796,0.0923248053392658,13688.0855397149,2134.11405295316,73.0562354464093,10,"Scale-up",0.000771479797942224,0.111461285050018,-0.129801104513557,0.000247602801331583,-0.000523876996610641
2013-01-01,"16 de Julio","observed",14620.19,2170.2,3.62,1059,0.000247602801331583,"PP.16julio",0.0876741781173511,0.0784114052953158,13805.656279509,2049.29178470255,72.4340791740737,11,"Scale-up",0.000247602801331583,0.0874265753160195,0.035548981247316,0.00261882298313007,0.00237122018179849
2013-02-01,"16 de Julio","observed",15548.97,1824.8,40.72,1140,0.00261882298313007,"PP.16julio",0.063527218182527,0.0764872521246458,13639.4473684211,1600.70175438596,73.3167534569814,12,"Scale-up",0.00261882298313007,0.060908395199397,-0.159155838171597,0.00249572339795416,-0.000123099585175909
2013-03-01,"16 de Julio","observed",16444.13,2080.2,41.04,1220,0.00249572339795416,"PP.16julio",0.0575703728285539,0.0701754385964912,13478.7950819672,1705.08196721311,74.1906078339201,13,"Scale-up",0.00249572339795416,0.0550746494305998,0.139960543621219,0.00390552836085069,0.00140980496289652
2013-04-01,"16 de Julio","observed",18079.5,2964.7,70.61,1331,0.00390552836085069,"PP.16julio",0.0994500773224245,0.090983606557377,13583.3959429001,2227.42299023291,73.6192925689317,14,"Scale-up",0.00390552836085069,0.0955445489615738,0.425199500048072,0.00303564004370653,-0.000869888317144157
2013-05-01,"16 de Julio","observed",19145.88,2400.6,58.12,1406,0.00303564004370653,"PP.16julio",0.0589828258524849,0.0563486100676183,13617.2688477952,1707.39687055477,73.4361648563555,15,"Scale-up",0.00303564004370653,0.0559471858087784,-0.190272202921038,0,-0.00303564004370653
2013-06-01,"16 de Julio","observed",19630.58,2084.8,-10.68,1450,-0.000544049131508086,"PP.16julio",0.0253161515689015,0.0312944523470839,13538.3310344828,1437.79310344828,73.8643483789068,16,"Scale-up",0,0.0253161515689015,-0.131550445721903,0.000913996638882671,0.000913996638882671
2013-07-01,"16 de Julio","observed",20415.83,2528.5,18.66,1492,0.000913996638882671,"PP.16julio",0.0400013652169218,0.0289655172413794,13683.5321715818,1694.70509383378,73.0805458313475,17,"Scale-up",0.000913996638882671,0.0390873685780391,0.212826170376055,0,-0.000913996638882671
2013-08-01,"16 de Julio","observed",21161.62,2736.28,-12.49,1526,-0.000590219463349214,"PP.16julio",0.0365299867798663,0.0227882037533511,13867.378768021,1793.10615989515,72.1116814308167,18,"Scale-up",0,0.0365299867798663,0.0821752026893416,0,0
2013-09-01,"16 de Julio","observed",22062.39,2859.75,-54.66,1570,-0.0024775194346578,"PP.16julio",0.0425662118495653,0.0288335517693317,14052.4777070064,1821.49681528662,71.1618278890002,19,"Consolidation",0,0.0425662118495653,0.0451233060944054,0.0017515100024214,0.0017515100024214
2013-10-01,"16 de Julio","observed",23705.26,3771.6,41.52,1617,0.0017515100024214,"PP.16julio",0.0744647338751603,0.0299363057324842,14660.0247371676,2332.46753246753,68.2127089093307,20,"Consolidation",0.0017515100024214,0.0727132238727389,0.318856543404144,0,-0.0017515100024214
2013-11-01,"16 de Julio","observed",25492.5,3948.3,-52.19,1638,-0.00204726880455036,"PP.16julio",0.075394237397101,0.0129870129870129,15563.1868131868,2410.43956043956,64.2541924095322,21,"Consolidation",0,0.075394237397101,0.0468501431753103,6.13294955366801e-05,6.13294955366801e-05
2013-12-01,"16 de Julio","observed",26577.75,3243.1,1.63,1641,6.13294955366801e-05,"PP.16julio",0.0425713445130922,0.00183150183150182,16196.0694698355,1976.29494210847,61.7433755679092,22,"Consolidation",6.13294955366801e-05,0.0425100150175555,-0.178608515057113,0,-6.13294955366801e-05
2014-01-01,"16 de Julio","observed",27343.68,3081.5,-2.53,1649,-9.25259511521492e-05,"PP.16julio",0.0288184665744844,0.00487507617306515,16581.9769557307,1868.70830806549,60.3064400987724,23,"Consolidation",0,0.0288184665744844,-0.0498288674416453,0.00460680743782411,0.00460680743782411
2014-02-01,"16 de Julio","observed",27789.31,2849,128.02,1657,0.00460680743782411,"PP.16julio",0.0162973674355464,0.00485142510612491,16770.8569704285,1719.37235968618,59.6272451529023,24,"Consolidation",0.00460680743782411,0.0116905599977223,-0.0754502677267564,0.00263182876323176,-0.00197497867459235
2014-03-01,"16 de Julio","observed",28231.32,2688.8,74.3,1663,0.00263182876323176,"PP.16julio",0.015905756566104,0.00362100181050096,16976.1395069152,1616.83704149128,58.9062077154026,25,"Consolidation",0.00263182876323176,0.0132739278028723,-0.0562302562302561,0.00314781846745327,0.000515989704221515
2014-04-01,"16 de Julio","observed",29147.17,3633.1,91.75,1659,0.00314781846745327,"PP.16julio",0.0324409202261884,-0.00240529164161152,17569.1199517782,2189.93369499699,56.9180472752586,26,"Consolidation",0.00314781846745327,0.0292931017587351,0.351197560249926,0.00457804791634234,0.00143022944888907
2014-05-01,"16 de Julio","observed",29805.28,3197.8,136.45,1666,0.00457804791634234,"PP.16julio",0.0225788644317784,0.00421940928270037,17890.3241296519,1919.44777911164,55.8961365234616,27,"Consolidation",0.00457804791634234,0.018000816515436,-0.119815033993009,0.00554528952226127,0.000967241605918928
2014-06-01,"16 de Julio","observed",30645.83,3221.2,169.94,1667,0.00554528952226127,"PP.16julio",0.0282013790845113,0.000600240096038318,18383.8212357529,1932.33353329334,54.3956551348095,28,"Consolidation",0.00554528952226127,0.02265608956225,0.00731753080242648,0.00995903138792977,0.0044137418656685
2014-07-01,"16 de Julio","observed",31240.99,3262.5,311.13,1685,0.00995903138792977,"PP.16julio",0.0194205867486703,0.0107978404319136,18540.646884273,1936.20178041543,53.9355506979772,29,"Consolidation",0.00995903138792977,0.00946155536074054,0.0128213088290079,,
2012-05-01,"Ceja","observed",134.2182232,134.2182232,0,12,0,"PP.ceja",,,11184.8519333333,11184.8519333333,89.4066372948379,1,"Launch",0,,,0,0
2012-06-01,"Ceja","observed",1061.6,929.5,0,62,0,"PP.ceja",6.90950717934999,4.16666666666667,17122.5806451613,14991.935483871,58.4024114544084,2,"Launch",0,6.90950717934999,5.92528911379599,0,0
2012-07-01,"Ceja","observed",2052.71,1017.2,0,115,0,"PP.ceja",0.933600226073851,0.854838709677419,17849.652173913,8845.21739130435,56.0235006406165,3,"Launch",0,0.933600226073851,0.0943518020441099,0,0
2012-08-01,"Ceja","observed",3876.93,1894,0,222,0,"PP.ceja",0.888688611640222,0.930434782608696,17463.6486486487,8531.53153153153,57.261802508686,4,"Launch",0,0.888688611640222,0.861974046401887,0,0
2012-09-01,"Ceja","observed",6002.42,2289,0,365,0,"PP.ceja",0.548240489253095,0.644144144144144,16444.9863013699,6271.23287671233,60.8088071144638,5,"Launch",0,0.548240489253095,0.208553326293559,0,0
2012-10-01,"Ceja","observed",8311.89,2585.8,0,528,0,"PP.ceja",0.38475648155244,0.446575342465753,15742.2159090909,4897.34848484848,63.5234585635758,6,"Launch",0,0.38475648155244,0.129663608562691,0,0
2012-11-01,"Ceja","observed",10104.42,2257.4,0,678,0,"PP.ceja",0.215658532535921,0.284090909090909,14903.2743362832,3329.49852507375,67.099348601899,7,"Scale-up",0,0.215658532535921,-0.12700131487354,0,0
2012-12-01,"Ceja","observed",12137.63,2636.9,0,783,0,"PP.ceja",0.201219862198919,0.154867256637168,15501.4431673052,3367.68837803321,64.5101226516214,8,"Scale-up",0,0.201219862198919,0.168113759191991,0,0
2013-01-01,"Ceja","observed",13987.79,2650.2,0,887,0,"PP.ceja",0.152431735025701,0.132822477650064,15769.7745208568,2987.82412626832,63.4124475703453,9,"Scale-up",0,0.152431735025701,0.00504380143350125,0.000274204324704265,0.000274204324704265
2013-02-01,"Ceja","observed",15535.86,2574.8,4.26,973,0.000274204324704265,"PP.ceja",0.110672951195292,0.0969560315670801,15966.9681397739,2646.24871531346,62.629297637852,10,"Scale-up",0.000274204324704265,0.110398746870588,-0.0284506829673231,0,-0.000274204324704265
2013-03-01,"Ceja","observed",17521.57,3248.9,0,1100,0,"PP.ceja",0.127814617278992,0.130524152106886,15928.7,2953.54545454545,62.7797623158199,11,"Scale-up",0,0.127814617278992,0.261806742271244,0.000176141082933599,0.000176141082933599
2013-04-01,"Ceja","observed",19756.89,3864.6,3.48,1205,0.000176141082933599,"PP.ceja",0.12757532572709,0.0954545454545455,16395.7593360996,3207.13692946058,60.9913807284446,12,"Scale-up",0.000176141082933599,0.127399184644156,0.189510295792422,0.00200426736395703,0.00182812628102344
2013-05-01,"Ceja","observed",21094.99,2794.6,42.28,1306,0.00200426736395703,"PP.ceja",0.0677282709981177,0.083817427385892,16152.3660030628,2139.81623277182,61.9104346577078,13,"Scale-up",0.00200426736395703,0.0657240036341607,-0.276872121306215,0.00133883912461573,-0.000665428239341305
2013-06-01,"Ceja","observed",21892.1,2372,29.31,1387,0.00133883912461573,"PP.ceja",0.0377866972205247,0.0620214395099541,15783.7779379957,1710.16582552271,63.3561878485847,14,"Scale-up",0.00133883912461573,0.036447858095909,-0.151220210405783,0.00161967364721404,0.000280834522598309
2013-07-01,"Ceja","observed",23572.65,3440.3,38.18,1491,0.00161967364721404,"PP.ceja",0.0767651344548947,0.0749819754866619,15809.9597585513,2307.37759892689,63.2512678888458,15,"Scale-up",0.00161967364721404,0.0751454608076807,0.450379426644182,0,-0.00161967364721404
2013-08-01,"Ceja","observed",24300.73,2701.2,-16.22,1561,-0.000667469660376458,"PP.ceja",0.0308866419346148,0.0469483568075117,15567.4119154388,1730.42921204356,64.2367533814828,16,"Scale-up",0,0.0308866419346148,-0.214835915472488,0.00032594345779892,0.00032594345779892
2013-09-01,"Ceja","observed",25587.26,3373.2,8.34,1634,0.00032594345779892,"PP.ceja",0.0529420309595636,0.0467648942985266,15659.2778457772,2064.38188494492,63.8599052809875,17,"Scale-up",0.00032594345779892,0.0526160875017647,0.248778320746335,0.000921578076918353,0.000595634619119433
2013-10-01,"Ceja","observed",27680.78,4429,25.51,1717,0.000921578076918353,"PP.ceja",0.0818188426584168,0.0507955936352509,16121.5958066395,2579.49912638323,62.0285989050887,18,"Scale-up",0.000921578076918353,0.0808972645814984,0.312996561128899,0.000627446129317128,-0.000294131947601224
2013-11-01,"Ceja","observed",29102.1,3889.3,18.26,1779,0.000627446129317128,"PP.ceja",0.0513468189841471,0.0361094933022714,16358.6846543002,2186.22821810006,61.1296092034595,19,"Consolidation",0.000627446129317128,0.0507193728548299,-0.121855949424249,0.000589606637865434,-3.78394914516941e-05
2013-12-01,"Ceja","observed",30579.71,3974.8,18.03,1842,0.000589606637865434,"PP.ceja",0.0507733118915816,0.0354131534569984,16601.3626492942,2157.87187839305,60.2360192428247,20,"Consolidation",0.000589606637865434,0.0501837052537162,0.0219833903273083,0.00129703902891087,0.000707432391045432
2014-01-01,"Ceja","observed",31595.04,3832.6,40.98,1908,0.00129703902891087,"PP.ceja",0.0332027347545154,0.0358306188925082,16559.2452830189,2008.70020964361,60.3892256506084,21,"Consolidation",0.00129703902891087,0.0319056957256045,-0.0357753849250277,9.07397620411051e-05,-0.00120629926686976
2014-02-01,"Ceja","observed",32620.76,3914.4,2.96,1979,9.07397620411051e-05,"PP.ceja",0.032464589378586,0.0372117400419287,16483.4562910561,1977.96867104598,60.6668882024821,22,"Consolidation",9.07397620411051e-05,0.0323738496165449,0.0213432134843188,0,-9.07397620411051e-05
2014-03-01,"Ceja","observed",33352.14,3552.1,-46.17,2011,-0.00138431896723868,"PP.ceja",0.0224206916086567,0.0161697827185447,16584.8533068125,1766.33515663849,60.2959810075156,23,"Consolidation",0,0.0224206916086567,-0.0925556918046189,0,0
2014-04-01,"Ceja","observed",34160.23,3955.2,-70.74,2041,-0.00207082914839859,"PP.ceja",0.0242290299812846,0.0149179512680258,16737.0063694268,1937.87359137678,59.7478412762443,24,"Consolidation",0,0.0242290299812846,0.113482165479575,0,0
2014-05-01,"Ceja","observed",35453.44,4113.1,-86.83,2082,-0.00244912764459528,"PP.ceja",0.037857180703994,0.0200881920627143,17028.5494716619,1975.55235350624,58.724907935591,25,"Consolidation",0,0.037857180703994,0.0399221278317154,0,0
2014-06-01,"Ceja","observed",37130.91,4065.5,-22.72,2104,-0.000611889124182521,"PP.ceja",0.0473147316593256,0.0105667627281461,17647.7709125475,1932.27186311787,56.6643801619729,26,"Consolidation",0,0.0473147316593256,-0.0115727796552479,0,0
2014-07-01,"Ceja","observed",38609.18,4913.3,-188.21,2142,-0.00487474740463278,"PP.ceja",0.0398123827291061,0.018060836501901,18024.827264239,2293.7908496732,55.4790337427524,27,"Consolidation",0,0.0398123827291061,0.208535235518386,,
2012-03-01,"Global","observed",109.8333994,109.8333297,0,18,0,"PP.global",,,6101.85552222222,6101.85165,163.884575168671,1,"Launch",0,,,0,0
2012-04-01,"Global","observed",500.3463987,398.7431056,0,79,0,"PP.global",3.5555031660069,3.38888888888889,6333.49871772152,5047.3810835443,157.89061379328,2,"Launch",0,3.5555031660069,2.63043810734985,0,0
2012-05-01,"Global","observed",1380.0821646,904.0677571,0,188,0,"PP.global",1.75825341840319,1.37974683544304,7340.86257765957,4808.87104840425,136.223773353733,3,"Launch",0,1.75825341840319,1.26729376484046,0,0
2012-06-01,"Global","observed",3616.65,2326.3,0,337,0,"PP.global",1.62060483989244,0.792553191489362,10731.8991097923,6902.96735905045,93.1801529039304,4,"Launch",0,1.62060483989244,1.57314784398697,0,0
2012-07-01,"Global","observed",6089.38,2632.2,0,496,0,"PP.global",0.683707298190314,0.471810089020771,12276.9758064516,5306.85483870968,81.4532842424023,5,"Launch",0,0.683707298190314,0.131496367622405,0,0
2012-08-01,"Global","observed",10114.16,4353.4,0,722,0,"PP.global",0.660950704341,0.455645161290323,14008.5318559557,6029.63988919668,71.3850680629929,6,"Launch",0,0.660950704341,0.653901679203708,0,0
2012-09-01,"Global","observed",14038.5,4440.6,0,999,0,"PP.global",0.388004540169426,0.383656509695291,14052.5525525526,4445.04504504505,71.1614488727428,7,"Scale-up",0,0.388004540169426,0.0200303211283137,0.000298155945766777,0.000298155945766777
2012-10-01,"Global","observed",18614.42,5442.6,5.55,1318,0.000298155945766777,"PP.global",0.325955052177939,0.319319319319319,14123.2321699545,4129.43854324734,70.8053218956057,8,"Scale-up",0.000298155945766777,0.325656896232172,0.225645183083367,0,-0.000298155945766777
2012-11-01,"Global","observed",22189.75,4665.7,-5.55,1577,-0.000250115481246972,"PP.global",0.192073134698798,0.196509863429438,14070.8623969562,2958.59226379201,71.0688493561216,9,"Scale-up",0,0.192073134698798,-0.142744276632492,0.000405405458235223,0.000405405458235223
2012-12-01,"Global","observed",25579.33,4732.6,10.37,1765,0.000405405458235223,"PP.global",0.152754312238759,0.119213696892835,14492.5382436261,2681.3597733711,69.0010254373355,10,"Scale-up",0.000405405458235223,0.152348906780524,0.0143386844417772,0.000126538119783361,-0.000278867338451862
2013-01-01,"Global","observed",28607.98,4820.4,3.62,1946,0.000126538119783361,"PP.global",0.118402241184582,0.102549575070822,14700.914696814,2477.08119218911,68.0229782039836,11,"Scale-up",0.000126538119783361,0.118275703064798,0.0185521700545153,0.00144700807435653,0.00132046995457317
2013-02-01,"Global","observed",31084.83,4399.6,44.98,2113,0.00144700807435653,"PP.global",0.0865789894987341,0.0858170606372046,14711.2304779934,2082.15806909607,67.975279260012,12,"Scale-up",0.00144700807435653,0.0851319814243776,-0.0872956601111939,0.00120827776256635,-0.000238730311790173
2013-03-01,"Global","observed",33965.7,5329.1,41.04,2320,0.00120827776256635,"PP.global",0.0926776823292903,0.0979649787032655,14640.3879310345,2297.02586206897,68.3042010027763,13,"Scale-up",0.00120827776256635,0.0914694045667239,0.211269206291481,0.00195816778503446,0.000749890022468107
2013-04-01,"Global","observed",37836.39,6829.3,74.09,2536,0.00195816778503446,"PP.global",0.113958787835964,0.0931034482758621,14919.7121451104,2692.94164037855,67.0254218227479,14,"Scale-up",0.00195816778503446,0.11200062005093,0.281510949316019,0.00249497587900063,0.000536808093966167
2013-05-01,"Global","observed",40240.87,5195.2,100.4,2712,0.00249497587900063,"PP.global",0.0635494031010888,0.0694006309148265,14838.0789085546,1915.63421828909,67.3941691618496,15,"Scale-up",0.00249497587900063,0.0610544272220882,-0.239277817638704,0.000448670461540536,-0.00204630541746009
2013-06-01,"Global","observed",41522.68,4456.8,18.63,2837,0.000448670461540536,"PP.global",0.0318534365683445,0.0460914454277286,14636.1226647867,1570.95523440254,68.3241062474773,16,"Scale-up",0.000448670461540536,0.031404766106804,-0.14213119802895,0.00129215649188151,0.000843486030340974
2013-07-01,"Global","observed",43988.48,5968.8,56.84,2983,0.00129215649188151,"PP.global",0.059384413530148,0.0514628128304546,14746.3895407308,2000.93865236339,67.8132092766106,17,"Scale-up",0.00129215649188151,0.0580922570382665,0.339256865912763,0,-0.00129215649188151
2013-08-01,"Global","observed",45462.35,5437.48,-28.71,3087,-0.000631511569463523,"PP.global",0.0335058178868648,0.0348642306402951,14727.032717849,1761.4123744736,67.9023411680215,18,"Scale-up",0,0.0335058178868648,-0.0890162176651924,0,0
2013-09-01,"Global","observed",47649.65,6232.95,-46.32,3204,-0.000972095282966402,"PP.global",0.0481123391113745,0.0379008746355685,14871.9257178527,1945.36516853933,67.2407877077796,19,"Consolidation",0,0.0481123391113745,0.146293871425734,0.00130443988289426,0.00130443988289426
2013-10-01,"Global","observed",51386.04,8200.6,67.03,3334,0.00130443988289426,"PP.global",0.0784137973731183,0.0405742821473158,15412.7294541092,2459.68806238752,64.8814347242948,20,"Consolidation",0.00130443988289426,0.077109357490224,0.315685189196127,0,-0.00130443988289426
2013-11-01,"Global","observed",54594.6,7837.6,-33.93,3417,-0.000621490037476234,"PP.global",0.0624403047987354,0.0248950209958008,15977.3485513608,2293.70793093357,62.5886076644943,21,"Consolidation",0,0.0624403047987354,-0.044265053776553,0.000343962100485221,0.000343962100485221
2013-12-01,"Global","observed",57157.46,7217.9,19.66,3483,0.000343962100485221,"PP.global",0.0469434705996563,0.0193151887620719,16410.4105656044,2072.32271030721,60.93692756816,22,"Consolidation",0.000343962100485221,0.0465995084991711,-0.0790675717056243,0.000652372498079361,0.00030841039759414
2014-01-01,"Global","observed",58938.72,6914.1,38.45,3557,0.000652372498079361,"PP.global",0.0311640860178182,0.0212460522538043,16569.7835254428,1943.80095586168,60.3508186129594,23,"Consolidation",0.000652372498079361,0.0305117135197388,-0.0420898045137782,0.00216818156310695,0.00151580906502759
2014-02-01,"Global","observed",60410.07,6763.4,130.98,3636,0.00216818156310695,"PP.global",0.0249640643705868,0.0222097272982851,16614.4306930693,1860.12101210121,60.1886407348973,24,"Consolidation",0.00216818156310695,0.0227958828074799,-0.0217960399762804,0.00045677849214708,-0.00171140307095987
2014-03-01,"Global","observed",61583.46,6240.9,28.13,3674,0.00045677849214708,"PP.global",0.0194237483916175,0.0104510451045106,16761.9651605879,1698.66630375612,59.6588759384419,25,"Consolidation",0.00045677849214708,0.0189669698994705,-0.0772540438241122,0.000331872735256858,-0.000124905756890222
2014-04-01,"Global","observed",63307.4,7588.3,21.01,3700,0.000331872735256858,"PP.global",0.0279935554124435,0.00707675557974952,17110.1081081081,2050.89189189189,58.4449843146299,26,"Consolidation",0.000331872735256858,0.0276616826771867,0.21589834799468,0.000760358155967509,0.000428485420710651
2014-05-01,"Global","observed",65258.72,7310.9,49.62,3748,0.000760358155967509,"PP.global",0.0308229369710333,0.0129729729729731,17411.6115261473,1950.613660619,57.432937697828,27,"Consolidation",0.000760358155967509,0.0300625788150658,-0.0365562774270916,0.00217213161919561,0.0014117734632281
2014-06-01,"Global","observed",67776.74,7286.7,147.22,3771,0.00217213161919561,"PP.global",0.0385851883089341,0.00613660618996792,17973.1477061787,1932.29912490056,55.6385568264275,28,"Consolidation",0.00217213161919561,0.0364130566897385,-0.00331012597628211,0.00175976665482704,-0.000412364964368573
2014-07-01,"Global","observed",69850.17,8175.8,122.92,3827,0.00175976665482704,"PP.global",0.0305920585734869,0.0148501723680721,18251.9388555004,2136.34700810034,54.7886998700218,29,"Consolidation",0.00175976665482704,0.0288322919186599,0.122016825174633,,
