"portfolio_monthly_key","date_key","branch_key","observation_type","portfolio_kbob","disbursements_kbob","overdue_kbob","mora_rate","growth_kbob","amortization_kbob"
"20120301|BR_16_DE_JULIO|observed","20120301","BR_16_DE_JULIO","observed","109.8333994","109.8333297","0","0","",""
"20120401|BR_16_DE_JULIO|observed","20120401","BR_16_DE_JULIO","observed","500.3463987","398.7431056","0","0","",""
"20120501|BR_16_DE_JULIO|observed","20120501","BR_16_DE_JULIO","observed","1245.8639414","769.8495339","0","0","",""
"20120601|BR_16_DE_JULIO|observed","20120601","BR_16_DE_JULIO","observed","2555.05","1396.8","0","0","",""
"20120701|BR_16_DE_JULIO|observed","20120701","BR_16_DE_JULIO","observed","4036.67","1615","0","0","",""
"20120801|BR_16_DE_JULIO|observed","20120801","BR_16_DE_JULIO","observed","6237.23","2459.4","0","0","",""
"20120901|BR_16_DE_JULIO|observed","20120901","BR_16_DE_JULIO","observed","8036.08","2151.6","0","0","",""
"20121001|BR_16_DE_JULIO|observed","20121001","BR_16_DE_JULIO","observed","10302.53","2856.8","5.55","0.000538702629354149","",""
"20121101|BR_16_DE_JULIO|observed","20121101","BR_16_DE_JULIO","observed","12085.33","2408.3","-5.55","-0.000459234460291941","",""
"20121201|BR_16_DE_JULIO|observed","20121201","BR_16_DE_JULIO","observed","13441.7","2095.7","10.37","0.000771479797942224","",""
"20130101|BR_16_DE_JULIO|observed","20130101","BR_16_DE_JULIO","observed","14620.19","2170.2","3.62","0.000247602801331583","",""
"20130201|BR_16_DE_JULIO|observed","20130201","BR_16_DE_JULIO","observed","15548.97","1824.8","40.72","0.00261882298313007","",""
"20130301|BR_16_DE_JULIO|observed","20130301","BR_16_DE_JULIO","observed","16444.13","2080.2","41.04","0.00249572339795416","",""
"20130401|BR_16_DE_JULIO|observed","20130401","BR_16_DE_JULIO","observed","18079.5","2964.7","70.61","0.00390552836085069","",""
"20130501|BR_16_DE_JULIO|observed","20130501","BR_16_DE_JULIO","observed","19145.88","2400.6","58.12","0.00303564004370653","",""
"20130601|BR_16_DE_JULIO|observed","20130601","BR_16_DE_JULIO","observed","19630.58","2084.8","-10.68","-0.000544049131508086","",""
"20130701|BR_16_DE_JULIO|observed","20130701","BR_16_DE_JULIO","observed","20415.83","2528.5","18.66","0.000913996638882671","",""
"20130801|BR_16_DE_JULIO|observed","20130801","BR_16_DE_JULIO","observed","21161.62","2736.28","-12.49","-0.000590219463349214","",""
"20130901|BR_16_DE_JULIO|observed","20130901","BR_16_DE_JULIO","observed","22062.39","2859.75","-54.66","-0.0024775194346578","",""
"20131001|BR_16_DE_JULIO|observed","20131001","BR_16_DE_JULIO","observed","23705.26","3771.6","41.52","0.0017515100024214","",""
"20131101|BR_16_DE_JULIO|observed","20131101","BR_16_DE_JULIO","observed","25492.5","3948.3","-52.19","-0.00204726880455036","",""
"20131201|BR_16_DE_JULIO|observed","20131201","BR_16_DE_JULIO","observed","26577.75","3243.1","1.63","6.13294955366801e-05","",""
"20140101|BR_16_DE_JULIO|observed","20140101","BR_16_DE_JULIO","observed","27343.68","3081.5","-2.53","-9.25259511521492e-05","",""
"20140201|BR_16_DE_JULIO|observed","20140201","BR_16_DE_JULIO","observed","27789.31","2849","128.02","0.00460680743782411","",""
"20140301|BR_16_DE_JULIO|observed","20140301","BR_16_DE_JULIO","observed","28231.32","2688.8","74.3","0.00263182876323176","",""
"20140401|BR_16_DE_JULIO|observed","20140401","BR_16_DE_JULIO","observed","29147.17","3633.1","91.75","0.00314781846745327","",""
"20140501|BR_16_DE_JULIO|observed","20140501","BR_16_DE_JULIO","observed","29805.28","3197.8","136.45","0.00457804791634234","",""
"20140601|BR_16_DE_JULIO|business_projection","20140601","BR_16_DE_JULIO","business_projection","30645.83","","169.94","","840.550000000003",""
"20140601|BR_16_DE_JULIO|observed","20140601","BR_16_DE_JULIO","observed","30645.83","3221.2","169.94","0.00554528952226127","",""
"20140701|BR_16_DE_JULIO|business_projection","20140701","BR_16_DE_JULIO","business_projection","31240.99","1827.4750382057","0.155324588811721","4.97182031720893e-06","601.6","1225.8750382057"
"20140701|BR_16_DE_JULIO|observed","20140701","BR_16_DE_JULIO","observed","31240.99","3262.5","311.13","0.00995903138792977","",""
"20140801|BR_16_DE_JULIO|business_projection","20140801","BR_16_DE_JULIO","business_projection","31842.59","2829.93511385209","-9.16755954533914e-05","-2.87902445917218e-09","1688.70216216216","1141.23295168994"
"20140901|BR_16_DE_JULIO|business_projection","20140901","BR_16_DE_JULIO","business_projection","33531.2921621622","2988.37176511219","2.27128069419604e-07","6.77361517478002e-12","1632.95333333333","1355.41843177885"
"20141001|BR_16_DE_JULIO|business_projection","20141001","BR_16_DE_JULIO","business_projection","35164.2454954955","4132.57153574381","3.97817085419099e-10","1.1313113073052e-14","1635.67278839816","2496.89874734565"
"20141101|BR_16_DE_JULIO|business_projection","20141101","BR_16_DE_JULIO","business_projection","36799.9182838936","4660.56692966279","-8.14438508895667e-13","-2.21315303640803e-17","2009.38545688546","2651.18147277733"
"20141201|BR_16_DE_JULIO|business_projection","20141201","BR_16_DE_JULIO","business_projection","38809.3037407791","3555.80677141963","-4.99491028962172e-17","-1.28703939730135e-21","1989.18477210236","1566.62199931728"
"20150101|BR_16_DE_JULIO|business_projection","20150101","BR_16_DE_JULIO","business_projection","40798.4885128815","3108.64532728799","4.62158825466907e-21","1.13278418469103e-25","1990.22070465534","1118.42462263265"
"20150201|BR_16_DE_JULIO|business_projection","20150201","BR_16_DE_JULIO","business_projection","42788.7092175368","2655.07812946942","2.129076714617e-23","4.97579093539098e-28","1990.17017136007","664.90795810935"
"20150301|BR_16_DE_JULIO|business_projection","20150301","BR_16_DE_JULIO","business_projection","44778.8793888969","3125.65589073691","5.603365336656e-26","1.25134112624654e-30","2445.06909814496","680.586792591953"
"20150401|BR_16_DE_JULIO|business_projection","20150401","BR_16_DE_JULIO","business_projection","47223.9484870418","3873.14802104071","1.76383768866133e-28","3.73504915444612e-33","2420.47996696739","1452.66805407331"
"20150501|BR_16_DE_JULIO|business_projection","20150501","BR_16_DE_JULIO","business_projection","49644.4284540092","3488.00407887563","8.07493345534208e-31","1.62655381616947e-35","2421.74094805343","1066.2631308222"
"20150601|BR_16_DE_JULIO|business_projection","20150601","BR_16_DE_JULIO","business_projection","52066.1694020627","3821.72078304635","4.47778438828654e-33","8.6001801932238e-38","2421.67943678094","1400.04134626541"
"20150701|BR_16_DE_JULIO|business_projection","20150701","BR_16_DE_JULIO","business_projection","54487.8488388436","3986.36523966159","4.45943952713276e-35","8.18428259174307e-40","2975.20968011787","1011.15555954372"
"20150801|BR_16_DE_JULIO|business_projection","20150801","BR_16_DE_JULIO","business_projection","57463.0585189615","4935.72952417028","-2.63204800454257e-38","-4.58041752802638e-43","2945.28912642397","1990.44039774631"
"20150901|BR_16_DE_JULIO|business_projection","20150901","BR_16_DE_JULIO","business_projection","60408.3476453854","5392.80823623498","6.52095008420651e-41","1.07947830695294e-45","2946.8235137929","2445.98472244208"
"20151001|BR_16_DE_JULIO|business_projection","20151001","BR_16_DE_JULIO","business_projection","63355.1711591783","7445.04019688035","1.14215092977784e-43","1.80277459421302e-48","2946.74866562856","4498.29153125179"
"20151101|BR_16_DE_JULIO|business_projection","20151101","BR_16_DE_JULIO","business_projection","66301.9198248069","8396.91030951925","-2.33828996862236e-46","-3.52673040961852e-51","3620.29549481019","4776.61481470906"
"20151201|BR_16_DE_JULIO|business_projection","20151201","BR_16_DE_JULIO","business_projection","69922.2153196171","6406.44942883894","-1.43406144194089e-50","-2.05093822526323e-55","3583.88755809766","2822.56187074127"
"20160101|BR_16_DE_JULIO|business_projection","20160101","BR_16_DE_JULIO","business_projection","73506.1028777147","5600.80565677752","1.32687898926203e-54","1.80512765242015e-59","3585.75463177524","2015.05102500229"
"20160201|BR_16_DE_JULIO|business_projection","20160201","BR_16_DE_JULIO","business_projection","77091.85750949","4783.61952236367","6.11267599682487e-57","7.92908122115543e-62","3585.66355501048","1197.95596735319"
"20160301|BR_16_DE_JULIO|business_projection","20160301","BR_16_DE_JULIO","business_projection","80677.5210645005","5631.45331931701","1.60875165087601e-59","1.99405191142379e-64","4405.24900054229","1226.20431877473"
"20160401|BR_16_DE_JULIO|business_projection","20160401","BR_16_DE_JULIO","business_projection","85082.7700650427","6978.20010946768","5.06405815617343e-62","5.95191970395668e-67","4360.94708456758","2617.25302490009"
"20160501|BR_16_DE_JULIO|business_projection","20160501","BR_16_DE_JULIO","business_projection","89443.7171496103","6284.29130847327","2.31835008901062e-64","2.59196527480267e-69","4363.2189776945","1921.07233077877"
"20160601|BR_16_DE_JULIO|business_projection","20160601","BR_16_DE_JULIO","business_projection","93806.9361273048","6885.54432770349","1.28559224575241e-66","1.3704660857996e-71","4363.10815363953","2522.43617406396"
"20160701|BR_16_DE_JULIO|business_projection","20160701","BR_16_DE_JULIO","business_projection","98170.0442809444","7182.182090819","1.28032535275273e-68","1.30419147931591e-73","5360.39635013171","1821.7857406873"
"20160801|BR_16_DE_JULIO|business_projection","20160801","BR_16_DE_JULIO","business_projection","103530.440631076","8892.63929981282","-7.55672942614112e-72","-7.29904111300852e-77","5306.48888005104","3586.15041976179"
"20160901|BR_16_DE_JULIO|business_projection","20160901","BR_16_DE_JULIO","business_projection","108836.929511127","9716.15203447744","1.87219440157151e-74","1.72018303895656e-79","5309.25336569621","4406.89866878123"
"20161001|BR_16_DE_JULIO|business_projection","20161001","BR_16_DE_JULIO","business_projection","114146.182876823","13413.6315045736","3.27916722082986e-77","2.872778693238e-82","5309.11851273791","8104.51299183566"
"20161101|BR_16_DE_JULIO|business_projection","20161101","BR_16_DE_JULIO","business_projection","119455.301389561","15128.6034313209","-6.71333675610907e-80","-5.61995715386117e-85","6522.63902153276","8605.96440978813"
"20161201|BR_16_DE_JULIO|business_projection","20161201","BR_16_DE_JULIO","business_projection","125977.940411094","11542.4161077249","-4.11725556620022e-84","-3.26823533768269e-89","6457.04331835465","5085.37278937027"
"20120501|BR_CEJA|observed","20120501","BR_CEJA","observed","134.2182232","134.2182232","0","0","",""
"20120601|BR_CEJA|observed","20120601","BR_CEJA","observed","1061.6","929.5","0","0","",""
"20120701|BR_CEJA|observed","20120701","BR_CEJA","observed","2052.71","1017.2","0","0","",""
"20120801|BR_CEJA|observed","20120801","BR_CEJA","observed","3876.93","1894","0","0","",""
"20120901|BR_CEJA|observed","20120901","BR_CEJA","observed","6002.42","2289","0","0","",""
"20121001|BR_CEJA|observed","20121001","BR_CEJA","observed","8311.89","2585.8","0","0","",""
"20121101|BR_CEJA|observed","20121101","BR_CEJA","observed","10104.42","2257.4","0","0","",""
"20121201|BR_CEJA|observed","20121201","BR_CEJA","observed","12137.63","2636.9","0","0","",""
"20130101|BR_CEJA|observed","20130101","BR_CEJA","observed","13987.79","2650.2","0","0","",""
"20130201|BR_CEJA|observed","20130201","BR_CEJA","observed","15535.86","2574.8","4.26","0.000274204324704265","",""
"20130301|BR_CEJA|observed","20130301","BR_CEJA","observed","17521.57","3248.9","0","0","",""
"20130401|BR_CEJA|observed","20130401","BR_CEJA","observed","19756.89","3864.6","3.48","0.000176141082933599","",""
"20130501|BR_CEJA|observed","20130501","BR_CEJA","observed","21094.99","2794.6","42.28","0.00200426736395703","",""
"20130601|BR_CEJA|observed","20130601","BR_CEJA","observed","21892.1","2372","29.31","0.00133883912461573","",""
"20130701|BR_CEJA|observed","20130701","BR_CEJA","observed","23572.65","3440.3","38.18","0.00161967364721404","",""
"20130801|BR_CEJA|observed","20130801","BR_CEJA","observed","24300.73","2701.2","-16.22","-0.000667469660376458","",""
"20130901|BR_CEJA|observed","20130901","BR_CEJA","observed","25587.26","3373.2","8.34","0.00032594345779892","",""
"20131001|BR_CEJA|observed","20131001","BR_CEJA","observed","27680.78","4429","25.51","0.000921578076918353","",""
"20131101|BR_CEJA|observed","20131101","BR_CEJA","observed","29102.1","3889.3","18.26","0.000627446129317128","",""
"20131201|BR_CEJA|observed","20131201","BR_CEJA","observed","30579.71","3974.8","18.03","0.000589606637865434","",""
"20140101|BR_CEJA|observed","20140101","BR_CEJA","observed","31595.04","3832.6","40.98","0.00129703902891087","",""
"20140201|BR_CEJA|observed","20140201","BR_CEJA","observed","32620.76","3914.4","2.96","9.07397620411051e-05","",""
"20140301|BR_CEJA|observed","20140301","BR_CEJA","observed","33352.14","3552.1","-46.17","-0.00138431896723868","",""
"20140401|BR_CEJA|observed","20140401","BR_CEJA","observed","34160.23","3955.2","-70.74","-0.00207082914839859","",""
"20140501|BR_CEJA|observed","20140501","BR_CEJA","observed","35453.44","4113.1","-86.83","-0.00244912764459528","",""
"20140601|BR_CEJA|business_projection","20140601","BR_CEJA","business_projection","37130.91","","169.94","","1677.47",""
"20140601|BR_CEJA|observed","20140601","BR_CEJA","observed","37130.91","4065.5","-22.72","-0.000611889124182521","",""
"20140701|BR_CEJA|business_projection","20140701","BR_CEJA","business_projection","38609.18","2086.88709174665","0.155324588811721","4.0229963136156e-06","601.6","1485.28709174665"
"20140701|BR_CEJA|observed","20140701","BR_CEJA","observed","38609.18","4913.3","-188.21","-0.00487474740463278","",""
"20140801|BR_CEJA|business_projection","20140801","BR_CEJA","business_projection","39210.78","3497.37553768418","-9.16755954533914e-05","-2.33802019376792e-09","2086.9827027027","1410.39283498148"
"20140901|BR_CEJA|business_projection","20140901","BR_CEJA","business_projection","41297.7627027027","3679.86359903593","2.27128069419604e-07","5.49976692574534e-12","2010.80923076923","1669.0543682667"
"20141001|BR_CEJA|business_projection","20141001","BR_CEJA","business_projection","43308.5719334719","5089.75191918422","3.97817085419099e-10","9.18564311079576e-15","2014.52500988794","3075.22690929628"
"20141101|BR_CEJA|business_projection","20141101","BR_CEJA","business_projection","45323.0969433599","5739.99229273715","-8.14438508895667e-13","-1.79696129307639e-17","2474.77553905554","3265.21675368161"
"20141201|BR_CEJA|business_projection","20141201","BR_CEJA","business_projection","47797.8724824154","4379.36230644955","-4.99491028962172e-17","-1.04500682356925e-21","2449.8971320735","1929.46517437605"
"20150101|BR_CEJA|business_projection","20150101","BR_CEJA","business_projection","50247.7696144889","3828.63433828213","4.62158825466907e-21","9.19759879916428e-26","2451.17294781618","1377.46139046596"
"20150201|BR_CEJA|business_projection","20150201","BR_CEJA","business_projection","52698.9425623051","3270.01707712591","2.129076714617e-23","4.04007483091303e-28","2451.1107129019","818.906364224012"
"20150301|BR_CEJA|business_projection","20150301","BR_CEJA","business_projection","55150.053275207","3849.58469810456","5.603365336656e-26","1.01602174501888e-30","3011.36814641743","838.216551687124"
"20150401|BR_CEJA|business_projection","20150401","BR_CEJA","business_projection","58161.4214216244","4770.20243959302","1.76383768866133e-28","3.03265918464216e-33","2981.08396082199","1789.11847877103"
"20150501|BR_CEJA|business_projection","20150501","BR_CEJA","business_projection","61142.5053824464","4295.85584541913","8.07493345534208e-31","1.32067428458048e-35","2982.63699598074","1313.21884943839"
"20150601|BR_CEJA|business_projection","20150601","BR_CEJA","business_projection","64125.1423784272","4706.86421063526","4.47778438828654e-33","6.98288412657458e-38","2982.56123816812","1724.30297246714"
"20150701|BR_CEJA|business_projection","20150701","BR_CEJA","business_projection","67107.7036165953","4909.64174052692","4.45943952713276e-35","6.64519762531401e-40","3664.29385019584","1245.34789033108"
"20150801|BR_CEJA|business_projection","20150801","BR_CEJA","business_projection","70771.9974667911","6078.88696467628","-2.63204800454257e-38","-3.71905287225732e-43","3627.44343873487","2451.44352594141"
"20150901|BR_CEJA|business_projection","20150901","BR_CEJA","business_projection","74399.440905526","6641.82904061352","6.52095008420651e-41","8.76478371993003e-46","3629.33320342519","3012.49583718833"
"20151001|BR_CEJA|business_projection","20151001","BR_CEJA","business_projection","78028.7741089512","9169.37558727247","1.14215092977784e-43","1.46375608590628e-48","3629.24101978176","5540.13456749071"
"20151101|BR_CEJA|business_projection","20151101","BR_CEJA","business_projection","81658.0151287329","10341.7070109151","-2.33828996862236e-46","-2.86351555929454e-51","4458.78709194007","5882.91991897504"
"20151201|BR_CEJA|business_projection","20151201","BR_CEJA","business_projection","86116.802220673","7890.23825801587","-1.43406144194089e-50","-1.66525161752538e-55","4413.94676371528","3476.29149430058"
"20160101|BR_CEJA|business_projection","20160101","BR_CEJA","business_projection","90530.7489843883","6898.00045402477","1.32687898926203e-54","1.46566664271257e-59","4416.24626772682","2481.75418629795"
"20160201|BR_CEJA|business_projection","20160201","BR_CEJA","business_projection","94946.9952521151","5891.54697721323","6.11267599682487e-57","6.43798782741226e-62","4416.13409679943","1475.4128804138"
"20160301|BR_CEJA|business_projection","20160301","BR_CEJA","business_projection","99363.1293489145","6935.74637899833","1.60875165087601e-59","1.61906298786833e-64","5425.54258583515","1510.20379316318"
"20160401|BR_CEJA|business_projection","20160401","BR_CEJA","business_projection","104788.67193475","8594.41131743875","5.06405815617343e-62","4.83263893193221e-67","5370.97996480618","3223.43135263257"
"20160501|BR_CEJA|business_projection","20160501","BR_CEJA","business_projection","110159.651899556","7739.7872655367","2.31835008901062e-64","2.10453650591099e-69","5373.77804793589","2366.00921760081"
"20160601|BR_CEJA|business_projection","20160601","BR_CEJA","business_projection","115533.429947492","8480.29565911308","1.28559224575241e-66","1.11274481017026e-71","5373.6415560759","3106.65410303718"
"20160701|BR_CEJA|business_projection","20160701","BR_CEJA","business_projection","120907.071503568","8845.6372813805","1.28032535275273e-68","1.05893339143108e-73","6601.91028271382","2243.72699866669"
"20160801|BR_CEJA|business_projection","20160801","BR_CEJA","business_projection","127508.981786281","10952.2511021889","-7.55672942614112e-72","-5.92642911917138e-77","6535.51737857121","4416.73372361768"
"20160901|BR_CEJA|business_projection","20160901","BR_CEJA","business_projection","134044.499164853","11966.4964743235","1.87219440157151e-74","1.39669618166802e-79","6538.92214288623","5427.57433143722"
"20161001|BR_CEJA|business_projection","20161001","BR_CEJA","business_projection","140583.421307739","16520.344014562","3.27916722082986e-77","2.33254191022405e-82","6538.75605682209","9981.5879577399"
"20161101|BR_CEJA|business_projection","20161101","BR_CEJA","business_projection","147122.177364561","18632.5182006146","-6.71333675610907e-80","-4.56310318156438e-85","8033.33836044223","10599.1798401723"
"20161201|BR_CEJA|business_projection","20161201","BR_CEJA","business_projection","155155.515725003","14215.7390259171","-4.11725556620022e-84","-2.65363145290794e-89","7952.55012781409","6263.18889810298"
"20120301|BR_GLOBAL|observed","20120301","BR_GLOBAL","observed","109.8333994","109.8333297","0","0","",""
"20120401|BR_GLOBAL|observed","20120401","BR_GLOBAL","observed","500.3463987","398.7431056","0","0","",""
"20120501|BR_GLOBAL|observed","20120501","BR_GLOBAL","observed","1380.0821646","904.0677571","0","0","",""
"20120601|BR_GLOBAL|observed","20120601","BR_GLOBAL","observed","3616.65","2326.3","0","0","",""
"20120701|BR_GLOBAL|observed","20120701","BR_GLOBAL","observed","6089.38","2632.2","0","0","",""
"20120801|BR_GLOBAL|observed","20120801","BR_GLOBAL","observed","10114.16","4353.4","0","0","",""
"20120901|BR_GLOBAL|observed","20120901","BR_GLOBAL","observed","14038.5","4440.6","0","0","",""
"20121001|BR_GLOBAL|observed","20121001","BR_GLOBAL","observed","18614.42","5442.6","5.55","0.000298155945766777","",""
"20121101|BR_GLOBAL|observed","20121101","BR_GLOBAL","observed","22189.75","4665.7","-5.55","-0.000250115481246972","",""
"20121201|BR_GLOBAL|observed","20121201","BR_GLOBAL","observed","25579.33","4732.6","10.37","0.000405405458235223","",""
"20130101|BR_GLOBAL|observed","20130101","BR_GLOBAL","observed","28607.98","4820.4","3.62","0.000126538119783361","",""
"20130201|BR_GLOBAL|observed","20130201","BR_GLOBAL","observed","31084.83","4399.6","44.98","0.00144700807435653","",""
"20130301|BR_GLOBAL|observed","20130301","BR_GLOBAL","observed","33965.7","5329.1","41.04","0.00120827776256635","",""
"20130401|BR_GLOBAL|observed","20130401","BR_GLOBAL","observed","37836.39","6829.3","74.09","0.00195816778503446","",""
"20130501|BR_GLOBAL|observed","20130501","BR_GLOBAL","observed","40240.87","5195.2","100.4","0.00249497587900063","",""
"20130601|BR_GLOBAL|observed","20130601","BR_GLOBAL","observed","41522.68","4456.8","18.63","0.000448670461540536","",""
"20130701|BR_GLOBAL|observed","20130701","BR_GLOBAL","observed","43988.48","5968.8","56.84","0.00129215649188151","",""
"20130801|BR_GLOBAL|observed","20130801","BR_GLOBAL","observed","45462.35","5437.48","-28.71","-0.000631511569463523","",""
"20130901|BR_GLOBAL|observed","20130901","BR_GLOBAL","observed","47649.65","6232.95","-46.32","-0.000972095282966402","",""
"20131001|BR_GLOBAL|observed","20131001","BR_GLOBAL","observed","51386.04","8200.6","67.03","0.00130443988289426","",""
"20131101|BR_GLOBAL|observed","20131101","BR_GLOBAL","observed","54594.6","7837.6","-33.93","-0.000621490037476234","",""
"20131201|BR_GLOBAL|observed","20131201","BR_GLOBAL","observed","57157.46","7217.9","19.66","0.000343962100485221","",""
"20140101|BR_GLOBAL|observed","20140101","BR_GLOBAL","observed","58938.72","6914.1","38.45","0.000652372498079361","",""
"20140201|BR_GLOBAL|observed","20140201","BR_GLOBAL","observed","60410.07","6763.4","130.98","0.00216818156310695","",""
"20140301|BR_GLOBAL|observed","20140301","BR_GLOBAL","observed","61583.46","6240.9","28.13","0.00045677849214708","",""
"20140401|BR_GLOBAL|observed","20140401","BR_GLOBAL","observed","63307.4","7588.3","21.01","0.000331872735256858","",""
"20140501|BR_GLOBAL|observed","20140501","BR_GLOBAL","observed","65258.72","7310.9","49.62","0.000760358155967509","",""
"20140601|BR_GLOBAL|business_projection","20140601","BR_GLOBAL","business_projection","67776.74","","169.94","","1281.81",""
"20140601|BR_GLOBAL|observed","20140601","BR_GLOBAL","observed","67776.74","7286.7","147.22","0.00217213161919561","",""
"20140701|BR_GLOBAL|business_projection","20140701","BR_GLOBAL","business_projection","69850.17","3888.76212995235","0.155324588811721","2.22368233050429e-06","1177.6","2711.16212995235"
"20140701|BR_GLOBAL|observed","20140701","BR_GLOBAL","observed","69850.17","8175.8","122.92","0.00175976665482704","",""
"20140801|BR_GLOBAL|business_projection","20140801","BR_GLOBAL","business_projection","71027.77","10312.7557866714","-9.16755954533914e-05","-1.29070074216594e-09","7761.13","2551.62578667141"
"20140901|BR_GLOBAL|business_projection","20140901","BR_GLOBAL","business_projection","78788.9","13950.7323357914","2.27128069419604e-07","2.88274197786241e-12","10927.3492307692","3023.3831050222"
"20141001|BR_GLOBAL|business_projection","20141001","BR_GLOBAL","business_projection","89716.2492307692","12718.2031664688","3.97817085419099e-10","4.43416982798544e-15","6851.20869565217","5866.99447081662"
"20141101|BR_GLOBAL|business_projection","20141101","BR_GLOBAL","business_projection","96567.4579264214","16732.5603296342","-8.14438508895667e-13","-8.43388162414113e-18","9968.47213675214","6764.0881928821"
"20141201|BR_GLOBAL|business_projection","20141201","BR_GLOBAL","business_projection","106535.930063174","18967.5385088194","-4.99491028962172e-17","-4.68847485224923e-22","14856.5319886802","4111.00652013922"
"20150101|BR_GLOBAL|business_projection","20150101","BR_GLOBAL","business_projection","121392.462051854","12334.196058044","4.62158825466907e-21","3.80714599288292e-26","9263.99391853682","3070.20213950717"
"20150201|BR_GLOBAL|business_projection","20150201","BR_GLOBAL","business_projection","130656.455970391","15466.4288970596","2.129076714617e-23","1.62952278079508e-28","13488.0513390949","1978.37755796469"
"20150301|BR_GLOBAL|business_projection","20150301","BR_GLOBAL","business_projection","144144.507309485","22179.1830086688","5.603365336656e-26","3.88732490834722e-31","20100.9932262139","2078.18978245492"
"20150401|BR_GLOBAL|business_projection","20150401","BR_GLOBAL","business_projection","164245.500535699","17210.4854461038","1.76383768866133e-28","1.07390320155404e-33","12534.3049834335","4676.18046267025"
"20150501|BR_GLOBAL|business_projection","20150501","BR_GLOBAL","business_projection","176779.805519133","21957.9769496473","8.07493345534208e-31","4.56779179704897e-36","18249.5000595222","3708.47689012514"
"20150601|BR_GLOBAL|business_projection","20150601","BR_GLOBAL","business_projection","195029.305578655","32182.3274667209","4.47778438828654e-33","2.29595463871488e-38","27196.8931567897","4985.43430993124"
"20150701|BR_GLOBAL|business_projection","20150701","BR_GLOBAL","business_projection","222226.198735445","20746.653597841","4.45943952713276e-35","2.00671187848631e-40","16959.0700503178","3787.5835475232"
"20150801|BR_GLOBAL|business_projection","20150801","BR_GLOBAL","business_projection","239185.268785763","32809.7199614396","-2.63204800454257e-38","-1.1004222868341e-43","24691.7998594939","8117.92010194574"
"20150901|BR_GLOBAL|business_projection","20150901","BR_GLOBAL","business_projection","263877.068645256","46978.944481778","6.52095008420651e-41","2.47120756558538e-46","36797.7336593481","10181.21082243"
"20151001|BR_GLOBAL|business_projection","20151001","BR_GLOBAL","business_projection","300674.802304604","42595.3677485357","1.14215092977784e-43","3.79862536209722e-49","22945.8320561092","19649.5356924264"
"20151101|BR_GLOBAL|business_projection","20151101","BR_GLOBAL","business_projection","323620.634360714","56077.4587914581","-2.33828996862236e-46","-7.22540444073184e-52","33408.3113671783","22669.1474242798"
"20151201|BR_GLOBAL|business_projection","20151201","BR_GLOBAL","business_projection","357028.945727892","63564.7554185636","-1.43406144194089e-50","-4.01665315683914e-56","49787.7899016482","13776.9655169154"
"20160101|BR_GLOBAL|business_projection","20160101","BR_GLOBAL","business_projection","406816.73562954","41335.0220192689","1.32687898926203e-54","3.26161357941363e-60","31045.9952806862","10289.0267385827"
"20160201|BR_GLOBAL|business_projection","20160201","BR_GLOBAL","business_projection","437862.730910227","51831.9013338776","6.11267599682487e-57","1.3960256412136e-62","45201.8595143934","6630.04181948417"
"20160301|BR_GLOBAL|business_projection","20160301","BR_GLOBAL","business_projection","483064.59042462","74328.0350703393","1.60875165087601e-59","3.33030340613849e-65","67363.4970631117","6964.53800722758"
"20160401|BR_GLOBAL|business_projection","20160401","BR_GLOBAL","business_projection","550428.087487732","57676.676400724","5.06405815617343e-62","9.2002175602754e-68","42005.6165586626","15671.0598420615"
"20160501|BR_GLOBAL|business_projection","20160501","BR_GLOBAL","business_projection","592433.704046394","73586.7175543543","2.31835008901062e-64","3.91326501712514e-70","61158.6763875258","12428.0411668285"
"20160601|BR_GLOBAL|business_projection","20160601","BR_GLOBAL","business_projection","653592.38043392","107851.094246622","1.28559224575241e-66","1.96696333102736e-72","91143.6467763683","16707.4474702535"
"20160701|BR_GLOBAL|business_projection","20160701","BR_GLOBAL","business_projection","744736.027210288","69527.267560219","1.28032535275273e-68","1.7191666657362e-74","56834.1200377321","12693.1475224869"
"20160801|BR_GLOBAL|business_projection","20160801","BR_GLOBAL","business_projection","801570.14724802","109953.644696292","-7.55672942614112e-72","-9.42740875778016e-78","82748.4474678098","27205.197228482"
"20160901|BR_GLOBAL|business_projection","20160901","BR_GLOBAL","business_projection","884318.59471583","157438.28889205","1.87219440157151e-74","2.11710396316288e-80","123318.484192003","34119.8047000465"
"20161001|BR_GLOBAL|business_projection","20161001","BR_GLOBAL","business_projection","1007637.07890783","142747.817922094","3.27916722082986e-77","3.25431376977921e-83","76897.2691057243","65850.54881637"
"20161101|BR_GLOBAL|business_projection","20161101","BR_GLOBAL","business_projection","1084534.34801356","187929.704571502","-6.71333675610907e-80","-6.19006375261906e-86","111959.675434204","75970.0291372986"
"20161201|BR_GLOBAL|business_projection","20161201","BR_GLOBAL","business_projection","1196494.02344776","213021.523521499","-4.11725556620022e-84","-3.44109998505143e-90","166851.438155932","46170.085365567"
