"forecast_key","date_key","branch_key","model_key","model","forecast_kbob","lo80_kbob","hi80_kbob","lo95_kbob","hi95_kbob","rmse","mae","mape","selected_model"
"20140801|BR_16_DE_JULIO|MD_ARIMA","20140801","BR_16_DE_JULIO","MD_ARIMA","ARIMA","31856.1860395924","31168.9688731121","32543.4032060727","30805.1780801221","32907.1939990627","2277.59463898787","2043.12649494485","6.8617749281989","True"
"20140901|BR_16_DE_JULIO|MD_ARIMA","20140901","BR_16_DE_JULIO","MD_ARIMA","ARIMA","32667.2365251785","31319.5185395747","34014.9545107823","30606.0797335844","34728.3933167726","2277.59463898787","2043.12649494485","6.8617749281989","True"
"20141001|BR_16_DE_JULIO|MD_ARIMA","20141001","BR_16_DE_JULIO","MD_ARIMA","ARIMA","34248.468213257","32244.0465945181","36252.8898319959","31182.9698843682","37313.9665421457","2277.59463898787","2043.12649494485","6.8617749281989","True"
"20141101|BR_16_DE_JULIO|MD_ARIMA","20141101","BR_16_DE_JULIO","MD_ARIMA","ARIMA","35993.362002164","33360.8788795832","38625.8451247447","31967.3264926406","40019.3975116873","2277.59463898787","2043.12649494485","6.8617749281989","True"
"20141201|BR_16_DE_JULIO|MD_ARIMA","20141201","BR_16_DE_JULIO","MD_ARIMA","ARIMA","37049.5196805537","33826.4504306398","40272.5889304677","32120.2606328888","41978.7787282186","2277.59463898787","2043.12649494485","6.8617749281989","True"
"20150101|BR_16_DE_JULIO|MD_ARIMA","20150101","BR_16_DE_JULIO","MD_ARIMA","ARIMA","37795.4629295593","34020.7287654733","41570.1970936452","32022.5052025891","43568.4206565294","2277.59463898787","2043.12649494485","6.8617749281989","True"
"20150201|BR_16_DE_JULIO|MD_ARIMA","20150201","BR_16_DE_JULIO","MD_ARIMA","ARIMA","38227.3618076273","33938.0470707986","42516.6765444561","31667.4210072985","44787.3026079561","2277.59463898787","2043.12649494485","6.8617749281989","True"
"20150301|BR_16_DE_JULIO|MD_ARIMA","20150301","BR_16_DE_JULIO","MD_ARIMA","ARIMA","38659.9383729704","33889.9770223209","43429.8997236199","31364.912010962","45954.9647349789","2277.59463898787","2043.12649494485","6.8617749281989","True"
"20150401|BR_16_DE_JULIO|MD_ARIMA","20150401","BR_16_DE_JULIO","MD_ARIMA","ARIMA","39569.3074976372","34349.1222496305","44789.4927456438","31585.7231036901","47552.8918915843","2277.59463898787","2043.12649494485","6.8617749281989","True"
"20150501|BR_16_DE_JULIO|MD_ARIMA","20150501","BR_16_DE_JULIO","MD_ARIMA","ARIMA","40222.9650636497","34579.556020861","45866.3741064385","31592.1157312678","48853.8143960317","2277.59463898787","2043.12649494485","6.8617749281989","True"
"20150601|BR_16_DE_JULIO|MD_ARIMA","20150601","BR_16_DE_JULIO","MD_ARIMA","ARIMA","41060.4561916003","35017.6848314626","47103.227551738","31818.8349013583","50302.0774818424","2277.59463898787","2043.12649494485","6.8617749281989","True"
"20150701|BR_16_DE_JULIO|MD_ARIMA","20150701","BR_16_DE_JULIO","MD_ARIMA","ARIMA","41653.5147122205","35232.454982109","48074.574442332","31833.3512853583","51473.6781390827","2277.59463898787","2043.12649494485","6.8617749281989","True"
"20150801|BR_16_DE_JULIO|MD_ARIMA","20150801","BR_16_DE_JULIO","MD_ARIMA","ARIMA","42267.2670119269","35235.5446001995","49298.9894236543","31513.1756067854","53021.3584170684","2277.59463898787","2043.12649494485","6.8617749281989","True"
"20150901|BR_16_DE_JULIO|MD_ARIMA","20150901","BR_16_DE_JULIO","MD_ARIMA","ARIMA","43077.3256320308","35291.1566999136","50863.494564148","31169.4078433233","54985.2434207383","2277.59463898787","2043.12649494485","6.8617749281989","True"
"20151001|BR_16_DE_JULIO|MD_ARIMA","20151001","BR_16_DE_JULIO","MD_ARIMA","ARIMA","44657.8758974068","36049.4930553929","53266.2587394208","31492.4904465997","57823.2613482139","2277.59463898787","2043.12649494485","6.8617749281989","True"
"20151101|BR_16_DE_JULIO|MD_ARIMA","20151101","BR_16_DE_JULIO","MD_ARIMA","ARIMA","46402.3015412803","36953.0045825751","55851.5984999855","31950.8489300732","60853.7541524873","2277.59463898787","2043.12649494485","6.8617749281989","True"
"20151201|BR_16_DE_JULIO|MD_ARIMA","20151201","BR_16_DE_JULIO","MD_ARIMA","ARIMA","47458.1375987853","37176.870929332","57739.4042682387","31734.2971156149","63181.9780819557","2277.59463898787","2043.12649494485","6.8617749281989","True"
"20160101|BR_16_DE_JULIO|MD_ARIMA","20160101","BR_16_DE_JULIO","MD_ARIMA","ARIMA","48203.8598906386","37113.654555895","59294.0652253821","31242.8544799711","65164.865301306","2277.59463898787","2043.12649494485","6.8617749281989","True"
"20140801|BR_CEJA|MD_ETS","20140801","BR_CEJA","MD_ETS","ETS","39921.7053824188","39210.8308449881","40632.5799198494","38834.5165963019","41008.8941685357","1748.59007050658","1643.70840966476","4.60780209953756","True"
"20140901|BR_CEJA|MD_ETS","20140901","BR_CEJA","MD_ETS","ETS","41234.2511127074","40132.6089207019","42335.8933047129","39549.434771148","42919.0674542667","1748.59007050658","1643.70840966476","4.60780209953756","True"
"20141001|BR_CEJA|MD_ETS","20141001","BR_CEJA","MD_ETS","ETS","42546.796842996","41077.3990033622","44016.1946826298","40299.5467735699","44794.0469124221","1748.59007050658","1643.70840966476","4.60780209953756","True"
"20141101|BR_CEJA|MD_ETS","20141101","BR_CEJA","MD_ETS","ETS","43859.3425732846","42021.9269606526","45696.7581859167","41049.257889833","46669.4272567363","1748.59007050658","1643.70840966476","4.60780209953756","True"
"20141201|BR_CEJA|MD_ETS","20141201","BR_CEJA","MD_ETS","ETS","45171.8883035733","42958.5821936301","47385.1944135164","41786.9287132757","48556.8478938708","1748.59007050658","1643.70840966476","4.60780209953756","True"
"20150101|BR_CEJA|MD_ETS","20150101","BR_CEJA","MD_ETS","ETS","46484.4340338619","43884.1987619569","49084.6693057669","42507.7173559818","50461.150711742","1748.59007050658","1643.70840966476","4.60780209953756","True"
"20150201|BR_CEJA|MD_ETS","20150201","BR_CEJA","MD_ETS","ETS","47796.9797641505","44797.3456560932","50796.6138722078","43209.4352777202","52384.5242505808","1748.59007050658","1643.70840966476","4.60780209953756","True"
"20150301|BR_CEJA|MD_ETS","20150301","BR_CEJA","MD_ETS","ETS","49109.5254944391","45697.3886382987","52521.6623505796","43891.1124955716","54327.9384933067","1748.59007050658","1643.70840966476","4.60780209953756","True"
"20150401|BR_CEJA|MD_ETS","20150401","BR_CEJA","MD_ETS","ETS","50422.0712247278","46584.0961143958","54260.0463350597","44552.3948168065","56291.7476326491","1748.59007050658","1643.70840966476","4.60780209953756","True"
"20150501|BR_CEJA|MD_ETS","20150501","BR_CEJA","MD_ETS","ETS","51734.6169550164","47457.4520178714","56011.7818921614","45193.2576698133","58275.9762402195","1748.59007050658","1643.70840966476","4.60780209953756","True"
"20150601|BR_CEJA|MD_ETS","20150601","BR_CEJA","MD_ETS","ETS","53047.162685305","48317.5592314294","57776.7661391806","45813.8584001098","60280.4669705003","1748.59007050658","1643.70840966476","4.60780209953756","True"
"20150701|BR_CEJA|MD_ETS","20150701","BR_CEJA","MD_ETS","ETS","54359.7084155937","49164.5866854057","59554.8301457816","46414.4553643496","62304.9614668377","1748.59007050658","1643.70840966476","4.60780209953756","True"
"20150801|BR_CEJA|MD_ETS","20150801","BR_CEJA","MD_ETS","ETS","55672.2541458823","49998.7391127609","61345.7691790037","46995.3616745762","64349.1466171884","1748.59007050658","1643.70840966476","4.60780209953756","True"
"20150901|BR_CEJA|MD_ETS","20150901","BR_CEJA","MD_ETS","ETS","56984.7998761709","50820.2392268223","63149.3605255195","47556.9179414306","66412.6818109112","1748.59007050658","1643.70840966476","4.60780209953756","True"
"20151001|BR_CEJA|MD_ETS","20151001","BR_CEJA","MD_ETS","ETS","58297.3456064595","51629.3170112423","64965.3742016767","48099.4758945567","68495.2153183623","1748.59007050658","1643.70840966476","4.60780209953756","True"
"20151101|BR_CEJA|MD_ETS","20151101","BR_CEJA","MD_ETS","ETS","59609.8913367482","52426.2032225341","66793.5794509622","48623.3884455869","70596.3942279095","1748.59007050658","1643.70840966476","4.60780209953756","True"
"20151201|BR_CEJA|MD_ETS","20151201","BR_CEJA","MD_ETS","ETS","60922.4370670368","53211.1254551039","68633.7486789697","49129.0036701283","72715.8704639453","1748.59007050658","1643.70840966476","4.60780209953756","True"
"20160101|BR_CEJA|MD_ETS","20160101","BR_CEJA","MD_ETS","ETS","62234.9827973254","53984.3057973113","70485.6597973395","49616.6612230166","74853.3043716342","1748.59007050658","1643.70840966476","4.60780209953756","True"
"20140801|BR_GLOBAL|MD_ARIMA","20140801","BR_GLOBAL","MD_ARIMA","ARIMA","71874.4981434848","70957.1280793555","72791.8682076142","70471.5017018827","73277.494585087","3759.3158472371","3451.70571598095","5.29810264873614","True"
"20140901|BR_GLOBAL|MD_ARIMA","20140901","BR_GLOBAL","MD_ARIMA","ARIMA","74040.7778746651","72309.840503342","75771.7152459881","71393.5376086474","76688.0181406828","3759.3158472371","3451.70571598095","5.29810264873614","True"
"20141001|BR_GLOBAL|MD_ARIMA","20141001","BR_GLOBAL","MD_ARIMA","ARIMA","76051.9297467682","73300.7310915046","78803.1284020319","71844.3344976919","80259.5249958446","3759.3158472371","3451.70571598095","5.29810264873614","True"
"20141101|BR_GLOBAL|MD_ARIMA","20141101","BR_GLOBAL","MD_ARIMA","ARIMA","78397.8184603268","74452.5771815897","82343.0597390639","72364.092604466","84431.5443161877","3759.3158472371","3451.70571598095","5.29810264873614","True"
"20141201|BR_GLOBAL|MD_ARIMA","20141201","BR_GLOBAL","MD_ARIMA","ARIMA","80743.7071738854","75889.7640907645","85597.6502570063","73320.2418356947","88167.1725120761","3759.3158472371","3451.70571598095","5.29810264873614","True"
"20150101|BR_GLOBAL|MD_ARIMA","20150101","BR_GLOBAL","MD_ARIMA","ARIMA","83089.595887444","77472.0699052251","88707.1218696629","74498.3312802425","91680.8604946455","3759.3158472371","3451.70571598095","5.29810264873614","True"
"20150201|BR_GLOBAL|MD_ARIMA","20150201","BR_GLOBAL","MD_ARIMA","ARIMA","85435.4846010026","79146.4121043914","91724.5570976137","75817.1782285383","95053.7909734669","3759.3158472371","3451.70571598095","5.29810264873614","True"
"20150301|BR_GLOBAL|MD_ARIMA","20150301","BR_GLOBAL","MD_ARIMA","ARIMA","87781.3733145612","80885.8481297506","94676.8984993718","77235.5775931269","98327.1690359954","3759.3158472371","3451.70571598095","5.29810264873614","True"
"20150401|BR_GLOBAL|MD_ARIMA","20150401","BR_GLOBAL","MD_ARIMA","ARIMA","90127.2620281197","82674.4704517315","97580.053604508","78729.2009069529","101525.323149287","3759.3158472371","3451.70571598095","5.29810264873614","True"
"20150501|BR_GLOBAL|MD_ARIMA","20150501","BR_GLOBAL","MD_ARIMA","ARIMA","92473.1507416783","84501.9565408192","100444.344942537","80282.2612234565","104664.0402599","3759.3158472371","3451.70571598095","5.29810264873614","True"
"20150601|BR_GLOBAL|MD_ARIMA","20150601","BR_GLOBAL","MD_ARIMA","ARIMA","94819.0394552369","86361.1572324499","103276.921678024","81883.8248389607","107754.254071513","3759.3158472371","3451.70571598095","5.29810264873614","True"
"20150701|BR_GLOBAL|MD_ARIMA","20150701","BR_GLOBAL","MD_ARIMA","ARIMA","97164.9281687955","88246.8786958859","106082.977641705","83525.9484748169","110803.907862774","3759.3158472371","3451.70571598095","5.29810264873614","True"
"20150801|BR_GLOBAL|MD_ARIMA","20150801","BR_GLOBAL","MD_ARIMA","ARIMA","99510.8168823541","90155.2067414819","108866.427023226","85202.6458945446","113818.987870164","3759.3158472371","3451.70571598095","5.29810264873614","True"
"20150901|BR_GLOBAL|MD_ARIMA","20150901","BR_GLOBAL","MD_ARIMA","ARIMA","101856.705595913","92083.1046313389","111630.306560486","86909.2728083057","116804.13838352","3759.3158472371","3451.70571598095","5.29810264873614","True"
"20151001|BR_GLOBAL|MD_ARIMA","20151001","BR_GLOBAL","MD_ARIMA","ARIMA","104202.594309471","94028.1601472466","114377.028471696","88642.1400467043","119763.048572238","3759.3158472371","3451.70571598095","5.29810264873614","True"
"20151101|BR_GLOBAL|MD_ARIMA","20151101","BR_GLOBAL","MD_ARIMA","ARIMA","106548.48302303","95988.4193287063","117108.546717353","90398.2592850348","122698.706761025","3759.3158472371","3451.70571598095","5.29810264873614","True"
"20151201|BR_GLOBAL|MD_ARIMA","20151201","BR_GLOBAL","MD_ARIMA","ARIMA","108894.371736588","97962.2731304243","119826.470342753","92175.1697008772","125613.5737723","3759.3158472371","3451.70571598095","5.29810264873614","True"
"20160101|BR_GLOBAL|MD_ARIMA","20160101","BR_GLOBAL","MD_ARIMA","ARIMA","111240.260450147","99948.3777620554","122532.143138239","93970.8161442475","128509.704756047","3759.3158472371","3451.70571598095","5.29810264873614","True"
