"clients_monthly_key","date_key","branch_key","observation_type","clients","clients_growth_mom","avg_balance_bob","disbursement_per_client_bob","clients_per_million_bob"
"20120301|BR_16_DE_JULIO|observed","20120301","BR_16_DE_JULIO","observed","18","","6101.85552222222","6101.85165","163.884575168671"
"20120401|BR_16_DE_JULIO|observed","20120401","BR_16_DE_JULIO","observed","79","3.38888888888889","6333.49871772152","5047.3810835443","157.89061379328"
"20120501|BR_16_DE_JULIO|observed","20120501","BR_16_DE_JULIO","observed","176","1.22784810126582","7078.77239431818","4374.14507897727","141.26743230262"
"20120601|BR_16_DE_JULIO|observed","20120601","BR_16_DE_JULIO","observed","275","0.5625","9291.09090909091","5079.27272727273","107.629987671474"
"20120701|BR_16_DE_JULIO|observed","20120701","BR_16_DE_JULIO","observed","381","0.385454545454545","10594.9343832021","4238.84514435696","94.3847280060049"
"20120801|BR_16_DE_JULIO|observed","20120801","BR_16_DE_JULIO","observed","500","0.312335958005249","12474.46","4918.8","80.1637906570705"
"20120901|BR_16_DE_JULIO|observed","20120901","BR_16_DE_JULIO","observed","634","0.268","12675.2050473186","3393.69085173502","78.8941872156574"
"20121001|BR_16_DE_JULIO|observed","20121001","BR_16_DE_JULIO","observed","790","0.246056782334385","13041.1772151899","3616.20253164557","76.6801940882482"
"20121101|BR_16_DE_JULIO|observed","20121101","BR_16_DE_JULIO","observed","899","0.137974683544304","13443.0812013348","2678.86540600667","74.3877080725144"
"20121201|BR_16_DE_JULIO|observed","20121201","BR_16_DE_JULIO","observed","982","0.0923248053392658","13688.0855397149","2134.11405295316","73.0562354464093"
"20130101|BR_16_DE_JULIO|observed","20130101","BR_16_DE_JULIO","observed","1059","0.0784114052953158","13805.656279509","2049.29178470255","72.4340791740737"
"20130201|BR_16_DE_JULIO|observed","20130201","BR_16_DE_JULIO","observed","1140","0.0764872521246458","13639.4473684211","1600.70175438596","73.3167534569814"
"20130301|BR_16_DE_JULIO|observed","20130301","BR_16_DE_JULIO","observed","1220","0.0701754385964912","13478.7950819672","1705.08196721311","74.1906078339201"
"20130401|BR_16_DE_JULIO|observed","20130401","BR_16_DE_JULIO","observed","1331","0.090983606557377","13583.3959429001","2227.42299023291","73.6192925689317"
"20130501|BR_16_DE_JULIO|observed","20130501","BR_16_DE_JULIO","observed","1406","0.0563486100676183","13617.2688477952","1707.39687055477","73.4361648563555"
"20130601|BR_16_DE_JULIO|observed","20130601","BR_16_DE_JULIO","observed","1450","0.0312944523470839","13538.3310344828","1437.79310344828","73.8643483789068"
"20130701|BR_16_DE_JULIO|observed","20130701","BR_16_DE_JULIO","observed","1492","0.0289655172413794","13683.5321715818","1694.70509383378","73.0805458313475"
"20130801|BR_16_DE_JULIO|observed","20130801","BR_16_DE_JULIO","observed","1526","0.0227882037533511","13867.378768021","1793.10615989515","72.1116814308167"
"20130901|BR_16_DE_JULIO|observed","20130901","BR_16_DE_JULIO","observed","1570","0.0288335517693317","14052.4777070064","1821.49681528662","71.1618278890002"
"20131001|BR_16_DE_JULIO|observed","20131001","BR_16_DE_JULIO","observed","1617","0.0299363057324842","14660.0247371676","2332.46753246753","68.2127089093307"
"20131101|BR_16_DE_JULIO|observed","20131101","BR_16_DE_JULIO","observed","1638","0.0129870129870129","15563.1868131868","2410.43956043956","64.2541924095322"
"20131201|BR_16_DE_JULIO|observed","20131201","BR_16_DE_JULIO","observed","1641","0.00183150183150182","16196.0694698355","1976.29494210847","61.7433755679092"
"20140101|BR_16_DE_JULIO|observed","20140101","BR_16_DE_JULIO","observed","1649","0.00487507617306515","16581.9769557307","1868.70830806549","60.3064400987724"
"20140201|BR_16_DE_JULIO|observed","20140201","BR_16_DE_JULIO","observed","1657","0.00485142510612491","16770.8569704285","1719.37235968618","59.6272451529023"
"20140301|BR_16_DE_JULIO|observed","20140301","BR_16_DE_JULIO","observed","1663","0.00362100181050096","16976.1395069152","1616.83704149128","58.9062077154026"
"20140401|BR_16_DE_JULIO|observed","20140401","BR_16_DE_JULIO","observed","1659","-0.00240529164161152","17569.1199517782","2189.93369499699","56.9180472752586"
"20140501|BR_16_DE_JULIO|observed","20140501","BR_16_DE_JULIO","observed","1666","0.00421940928270037","17890.3241296519","1919.44777911164","55.8961365234616"
"20140601|BR_16_DE_JULIO|observed","20140601","BR_16_DE_JULIO","observed","1667","0.000600240096038318","18383.8212357529","1932.33353329334","54.3956551348095"
"20140701|BR_16_DE_JULIO|observed","20140701","BR_16_DE_JULIO","observed","1685","0.0107978404319136","18540.646884273","1936.20178041543","53.9355506979772"
"20120501|BR_CEJA|observed","20120501","BR_CEJA","observed","12","","11184.8519333333","11184.8519333333","89.4066372948379"
"20120601|BR_CEJA|observed","20120601","BR_CEJA","observed","62","4.16666666666667","17122.5806451613","14991.935483871","58.4024114544084"
"20120701|BR_CEJA|observed","20120701","BR_CEJA","observed","115","0.854838709677419","17849.652173913","8845.21739130435","56.0235006406165"
"20120801|BR_CEJA|observed","20120801","BR_CEJA","observed","222","0.930434782608696","17463.6486486487","8531.53153153153","57.261802508686"
"20120901|BR_CEJA|observed","20120901","BR_CEJA","observed","365","0.644144144144144","16444.9863013699","6271.23287671233","60.8088071144638"
"20121001|BR_CEJA|observed","20121001","BR_CEJA","observed","528","0.446575342465753","15742.2159090909","4897.34848484848","63.5234585635758"
"20121101|BR_CEJA|observed","20121101","BR_CEJA","observed","678","0.284090909090909","14903.2743362832","3329.49852507375","67.099348601899"
"20121201|BR_CEJA|observed","20121201","BR_CEJA","observed","783","0.154867256637168","15501.4431673052","3367.68837803321","64.5101226516214"
"20130101|BR_CEJA|observed","20130101","BR_CEJA","observed","887","0.132822477650064","15769.7745208568","2987.82412626832","63.4124475703453"
"20130201|BR_CEJA|observed","20130201","BR_CEJA","observed","973","0.0969560315670801","15966.9681397739","2646.24871531346","62.629297637852"
"20130301|BR_CEJA|observed","20130301","BR_CEJA","observed","1100","0.130524152106886","15928.7","2953.54545454545","62.7797623158199"
"20130401|BR_CEJA|observed","20130401","BR_CEJA","observed","1205","0.0954545454545455","16395.7593360996","3207.13692946058","60.9913807284446"
"20130501|BR_CEJA|observed","20130501","BR_CEJA","observed","1306","0.083817427385892","16152.3660030628","2139.81623277182","61.9104346577078"
"20130601|BR_CEJA|observed","20130601","BR_CEJA","observed","1387","0.0620214395099541","15783.7779379957","1710.16582552271","63.3561878485847"
"20130701|BR_CEJA|observed","20130701","BR_CEJA","observed","1491","0.0749819754866619","15809.9597585513","2307.37759892689","63.2512678888458"
"20130801|BR_CEJA|observed","20130801","BR_CEJA","observed","1561","0.0469483568075117","15567.4119154388","1730.42921204356","64.2367533814828"
"20130901|BR_CEJA|observed","20130901","BR_CEJA","observed","1634","0.0467648942985266","15659.2778457772","2064.38188494492","63.8599052809875"
"20131001|BR_CEJA|observed","20131001","BR_CEJA","observed","1717","0.0507955936352509","16121.5958066395","2579.49912638323","62.0285989050887"
"20131101|BR_CEJA|observed","20131101","BR_CEJA","observed","1779","0.0361094933022714","16358.6846543002","2186.22821810006","61.1296092034595"
"20131201|BR_CEJA|observed","20131201","BR_CEJA","observed","1842","0.0354131534569984","16601.3626492942","2157.87187839305","60.2360192428247"
"20140101|BR_CEJA|observed","20140101","BR_CEJA","observed","1908","0.0358306188925082","16559.2452830189","2008.70020964361","60.3892256506084"
"20140201|BR_CEJA|observed","20140201","BR_CEJA","observed","1979","0.0372117400419287","16483.4562910561","1977.96867104598","60.6668882024821"
"20140301|BR_CEJA|observed","20140301","BR_CEJA","observed","2011","0.0161697827185447","16584.8533068125","1766.33515663849","60.2959810075156"
"20140401|BR_CEJA|observed","20140401","BR_CEJA","observed","2041","0.0149179512680258","16737.0063694268","1937.87359137678","59.7478412762443"
"20140501|BR_CEJA|observed","20140501","BR_CEJA","observed","2082","0.0200881920627143","17028.5494716619","1975.55235350624","58.724907935591"
"20140601|BR_CEJA|observed","20140601","BR_CEJA","observed","2104","0.0105667627281461","17647.7709125475","1932.27186311787","56.6643801619729"
"20140701|BR_CEJA|observed","20140701","BR_CEJA","observed","2142","0.018060836501901","18024.827264239","2293.7908496732","55.4790337427524"
"20120301|BR_GLOBAL|observed","20120301","BR_GLOBAL","observed","18","","6101.85552222222","6101.85165","163.884575168671"
"20120401|BR_GLOBAL|observed","20120401","BR_GLOBAL","observed","79","3.38888888888889","6333.49871772152","5047.3810835443","157.89061379328"
"20120501|BR_GLOBAL|observed","20120501","BR_GLOBAL","observed","188","1.37974683544304","7340.86257765957","4808.87104840425","136.223773353733"
"20120601|BR_GLOBAL|observed","20120601","BR_GLOBAL","observed","337","0.792553191489362","10731.8991097923","6902.96735905045","93.1801529039304"
"20120701|BR_GLOBAL|observed","20120701","BR_GLOBAL","observed","496","0.471810089020771","12276.9758064516","5306.85483870968","81.4532842424023"
"20120801|BR_GLOBAL|observed","20120801","BR_GLOBAL","observed","722","0.455645161290323","14008.5318559557","6029.63988919668","71.3850680629929"
"20120901|BR_GLOBAL|observed","20120901","BR_GLOBAL","observed","999","0.383656509695291","14052.5525525526","4445.04504504505","71.1614488727428"
"20121001|BR_GLOBAL|observed","20121001","BR_GLOBAL","observed","1318","0.319319319319319","14123.2321699545","4129.43854324734","70.8053218956057"
"20121101|BR_GLOBAL|observed","20121101","BR_GLOBAL","observed","1577","0.196509863429438","14070.8623969562","2958.59226379201","71.0688493561216"
"20121201|BR_GLOBAL|observed","20121201","BR_GLOBAL","observed","1765","0.119213696892835","14492.5382436261","2681.3597733711","69.0010254373355"
"20130101|BR_GLOBAL|observed","20130101","BR_GLOBAL","observed","1946","0.102549575070822","14700.914696814","2477.08119218911","68.0229782039836"
"20130201|BR_GLOBAL|observed","20130201","BR_GLOBAL","observed","2113","0.0858170606372046","14711.2304779934","2082.15806909607","67.975279260012"
"20130301|BR_GLOBAL|observed","20130301","BR_GLOBAL","observed","2320","0.0979649787032655","14640.3879310345","2297.02586206897","68.3042010027763"
"20130401|BR_GLOBAL|observed","20130401","BR_GLOBAL","observed","2536","0.0931034482758621","14919.7121451104","2692.94164037855","67.0254218227479"
"20130501|BR_GLOBAL|observed","20130501","BR_GLOBAL","observed","2712","0.0694006309148265","14838.0789085546","1915.63421828909","67.3941691618496"
"20130601|BR_GLOBAL|observed","20130601","BR_GLOBAL","observed","2837","0.0460914454277286","14636.1226647867","1570.95523440254","68.3241062474773"
"20130701|BR_GLOBAL|observed","20130701","BR_GLOBAL","observed","2983","0.0514628128304546","14746.3895407308","2000.93865236339","67.8132092766106"
"20130801|BR_GLOBAL|observed","20130801","BR_GLOBAL","observed","3087","0.0348642306402951","14727.032717849","1761.4123744736","67.9023411680215"
"20130901|BR_GLOBAL|observed","20130901","BR_GLOBAL","observed","3204","0.0379008746355685","14871.9257178527","1945.36516853933","67.2407877077796"
"20131001|BR_GLOBAL|observed","20131001","BR_GLOBAL","observed","3334","0.0405742821473158","15412.7294541092","2459.68806238752","64.8814347242948"
"20131101|BR_GLOBAL|observed","20131101","BR_GLOBAL","observed","3417","0.0248950209958008","15977.3485513608","2293.70793093357","62.5886076644943"
"20131201|BR_GLOBAL|observed","20131201","BR_GLOBAL","observed","3483","0.0193151887620719","16410.4105656044","2072.32271030721","60.93692756816"
"20140101|BR_GLOBAL|observed","20140101","BR_GLOBAL","observed","3557","0.0212460522538043","16569.7835254428","1943.80095586168","60.3508186129594"
"20140201|BR_GLOBAL|observed","20140201","BR_GLOBAL","observed","3636","0.0222097272982851","16614.4306930693","1860.12101210121","60.1886407348973"
"20140301|BR_GLOBAL|observed","20140301","BR_GLOBAL","observed","3674","0.0104510451045106","16761.9651605879","1698.66630375612","59.6588759384419"
"20140401|BR_GLOBAL|observed","20140401","BR_GLOBAL","observed","3700","0.00707675557974952","17110.1081081081","2050.89189189189","58.4449843146299"
"20140501|BR_GLOBAL|observed","20140501","BR_GLOBAL","observed","3748","0.0129729729729731","17411.6115261473","1950.613660619","57.432937697828"
"20140601|BR_GLOBAL|observed","20140601","BR_GLOBAL","observed","3771","0.00613660618996792","17973.1477061787","1932.29912490056","55.6385568264275"
"20140701|BR_GLOBAL|observed","20140701","BR_GLOBAL","observed","3827","0.0148501723680721","18251.9388555004","2136.34700810034","54.7886998700218"
