"inclusion_metric_key","date_key","branch_key","observation_type","clients","portfolio_kbob","clients_per_million_bob","client_outreach_index","portfolio_depth_index","risk_penalty","inclusion_responsibility_score","portfolio_balance_score","clients_balance_score"
"20120301|BR_16_DE_JULIO|observed","20120301","BR_16_DE_JULIO","observed","18","109.8333994","163.884575168671","0.0106824925816024","0.00351568242235601","1","20.6395951017508","0","0"
"20120401|BR_16_DE_JULIO|observed","20120401","BR_16_DE_JULIO","observed","79","500.3463987","157.89061379328","0.0468842729970326","0.0160157024057176","1","22.8246847220232","0","0"
"20120501|BR_16_DE_JULIO|observed","20120501","BR_16_DE_JULIO","observed","176","1245.8639414","141.26743230262","0.104451038575668","0.039879144079621","1","26.418926251172","0.351181966414928","0.239022181982798"
"20120601|BR_16_DE_JULIO|observed","20120601","BR_16_DE_JULIO","observed","275","2555.05","107.629987671474","0.163204747774481","0.081785180303185","1","30.6137927978196","0.829482714575987","0.600515985876428"
"20120701|BR_16_DE_JULIO|observed","20120701","BR_16_DE_JULIO","observed","381","4036.67","94.3847280060049","0.226112759643917","0.129210694027302","1","35.1819588030149","0.893850080146173","0.712392689906348"
"20120801|BR_16_DE_JULIO|observed","20120801","BR_16_DE_JULIO","observed","500","6237.23","80.1637906570705","0.29673590504451","0.199648922777415","1","40.826262935548","0.9455403590773","0.85174300381366"
"20120901|BR_16_DE_JULIO|observed","20120901","BR_16_DE_JULIO","observed","634","8036.08","78.8941872156574","0.376261127596439","0.257228724185757","1","46.5299181053947","0.979014695246897","0.927494060627194"
"20121001|BR_16_DE_JULIO|observed","20121001","BR_16_DE_JULIO","observed","790","10302.53","76.6801940882482","0.468842729970326","0.329776041028149","0.973064868532293","52.7967151000067","0.988563676398657","0.960484110518305"
"20121101|BR_16_DE_JULIO|observed","20121101","BR_16_DE_JULIO","observed","899","12085.33","74.3877080725144","0.53353115727003","0.386842094312632","1","58.2818206928805","0.992030617529464","0.980360919029051"
"20121201|BR_16_DE_JULIO|observed","20121201","BR_16_DE_JULIO","observed","982","13441.7","73.0562354464093","0.582789317507418","0.430258452116914","0.961426010102889","61.2757396409361","0.997400897071133","0.987287916603135"
"20130101|BR_16_DE_JULIO|observed","20130101","BR_16_DE_JULIO","observed","1059","14620.19","72.4340791740737","0.628486646884273","0.467981008284308","0.987619859933421","65.2161597914113","0.999511337136552","0.992187838335997"
"20130201|BR_16_DE_JULIO|observed","20130201","BR_16_DE_JULIO","observed","1140","15548.97","73.3167534569814","0.676557863501484","0.497710539902865","0.869058850843496","66.1403863890301","0.999999822127672","0.99375354021675"
"20130301|BR_16_DE_JULIO|observed","20130301","BR_16_DE_JULIO","observed","1220","16444.13","74.1906078339201","0.724035608308605","0.526363921245774","0.875213830102292","69.4969746548493","0.998993751952677","0.997324613555291"
"20130401|BR_16_DE_JULIO|observed","20130401","BR_16_DE_JULIO","observed","1331","18079.5","73.6192925689317","0.789910979228487","0.5787108539134","0.804723581957466","72.9513462179756","0.998034610133498","0.997531446227945"
"20130501|BR_16_DE_JULIO|observed","20130501","BR_16_DE_JULIO","observed","1406","19145.88","73.4361648563555","0.834421364985163","0.612844855428717","0.848217997814673","77.0707738684131","0.997653946150838","0.998640370341365"
"20130601|BR_16_DE_JULIO|observed","20130601","BR_16_DE_JULIO","observed","1450","19630.58","73.8643483789068","0.86053412462908","0.628359728676972","1","81.8774980917632","0.99703359726557","0.999506868860788"
"20130701|BR_16_DE_JULIO|observed","20130701","BR_16_DE_JULIO","observed","1492","20415.83","73.0805458313475","0.885459940652819","0.653494975671386","0.954300168055866","82.9638496638999","0.994849828064452","0.999999887618845"
"20130801|BR_16_DE_JULIO|observed","20130801","BR_16_DE_JULIO","observed","1526","21161.62","72.1116814308167","0.905637982195846","0.67736713849337","1","85.6029132645934","0.995232295759616","0.999871452738314"
"20130901|BR_16_DE_JULIO|observed","20130901","BR_16_DE_JULIO","observed","1570","22062.39","71.1618278890002","0.931750741839763","0.706200091610413","1","87.7735398403005","0.994527739300762","0.99960099812812"
"20131001|BR_16_DE_JULIO|observed","20131001","BR_16_DE_JULIO","observed","1617","23705.26","68.2127089093307","0.959643916913947","0.758787093494796","0.91242449987893","88.9942986481198","0.994014539294017","0.999100359892029"
"20131101|BR_16_DE_JULIO|observed","20131101","BR_16_DE_JULIO","observed","1638","25492.5","64.2541924095322","0.972106824925816","0.815995267755599","1","93.0851992789588","0.995628617803411","0.99829726027714"
"20131201|BR_16_DE_JULIO|observed","20131201","BR_16_DE_JULIO","observed","1641","26577.75","61.7433755679092","0.973887240356083","0.850733283420276","0.996933525223166","94.1550310248757","0.995097702707805","0.996669686131457"
"20140101|BR_16_DE_JULIO|observed","20140101","BR_16_DE_JULIO","observed","1649","27343.68","60.3064400987724","0.978635014836795","0.875250112112324","1","95.1892541052095","0.994796993548163","0.994698096757343"
"20140201|BR_16_DE_JULIO|observed","20140201","BR_16_DE_JULIO","observed","1657","27789.31","59.6272451529023","0.983382789317507","0.889514384787422","0.769659628108794","91.2477635716739","0.993603589891228","0.992157329044236"
"20140301|BR_16_DE_JULIO|observed","20140301","BR_16_DE_JULIO","observed","1663","28231.32","58.9062077154026","0.986943620178041","0.903662784053898","0.868408561838412","93.8252357672873","0.993085658118758","0.991028187599661"
"20140401|BR_16_DE_JULIO|observed","20140401","BR_16_DE_JULIO","observed","1659","29147.17","56.9180472752586","0.984569732937685","0.932978436342766","0.842609076627336","94.070021269714","0.993729576844634","0.989340832724616"
"20140501|BR_16_DE_JULIO|observed","20140501","BR_16_DE_JULIO","observed","1666","29805.28","55.8961365234616","0.988724035608309","0.954044029974722","0.771097604182883","93.4794747633148","0.992509050327526","0.987680658428714"
"20140601|BR_16_DE_JULIO|observed","20140601","BR_16_DE_JULIO","observed","1667","30645.83","54.3956551348095","0.989317507418398","0.980949387327354","0.722735523886937","93.3490674684792","0.990844768631147","0.986570810286404"
"20140701|BR_16_DE_JULIO|observed","20140701","BR_16_DE_JULIO","observed","1685","31240.99","53.9355506979772","1","1","0.502048430603512","90.0409686120702","0.988872779411159","0.985740132974836"
"20120501|BR_CEJA|observed","20120501","BR_CEJA","observed","12","134.2182232","89.4066372948379","0.00560224089635854","0.0034763292874907","1","20.3844019234426","0.351181966414928","0.239022181982798"
"20120601|BR_CEJA|observed","20120601","BR_CEJA","observed","62","1061.6","58.4024114544084","0.0289449112978525","0.0274960514571923","1","22.2721271086084","0.829482714575987","0.600515985876428"
"20120701|BR_CEJA|observed","20120701","BR_CEJA","observed","115","2052.71","56.0235006406165","0.053688141923436","0.0531663713137653","1","24.2793982355848","0.893850080146173","0.712392689906348"
"20120801|BR_CEJA|observed","20120801","BR_CEJA","observed","222","3876.93","57.261802508686","0.103641456582633","0.100414720022544","1","28.194514429808","0.9455403590773","0.85174300381366"
"20120901|BR_CEJA|observed","20120901","BR_CEJA","observed","365","6002.42","60.8088071144638","0.170401493930906","0.155466135255916","1","33.1840587542228","0.979014695246897","0.927494060627194"
"20121001|BR_CEJA|observed","20121001","BR_CEJA","observed","528","8311.89","63.5234585635758","0.246498599439776","0.215282738457538","1","38.7834121257149","0.988563676398657","0.960484110518305"
"20121101|BR_CEJA|observed","20121101","BR_CEJA","observed","678","10104.42","67.099348601899","0.316526610644258","0.261710297913605","1","43.677639469621","0.992030617529464","0.980360919029051"
"20121201|BR_CEJA|observed","20121201","BR_CEJA","observed","783","12137.63","64.5101226516214","0.365546218487395","0.314371607995819","1","47.7084591642443","0.997400897071133","0.987287916603135"
"20130101|BR_CEJA|observed","20130101","BR_CEJA","observed","887","13987.79","63.4124475703453","0.414098972922502","0.362291817645441","1","51.5737031754883","0.999511337136552","0.992187838335997"
"20130201|BR_CEJA|observed","20130201","BR_CEJA","observed","973","15535.86","62.629297637852","0.454248366013072","0.402387722298168","0.986289783764787","54.5098456448944","0.999999822127672","0.99375354021675"
"20130301|BR_CEJA|observed","20130301","BR_CEJA","observed","1100","17521.57","62.7797623158199","0.513538748832866","0.453818755021474","1","59.2915000922875","0.998993751952677","0.997324613555291"
"20130401|BR_CEJA|observed","20130401","BR_CEJA","observed","1205","19756.89","60.9913807284446","0.562558356676004","0.511714830514401","0.99119294585332","63.3032216662986","0.998034610133498","0.997531446227945"
"20130501|BR_CEJA|observed","20130501","BR_CEJA","observed","1306","21094.99","61.9104346577078","0.609710550887022","0.546372391229236","0.899786631802148","64.8724319172711","0.997653946150838","0.998640370341365"
"20130601|BR_CEJA|observed","20130601","BR_CEJA","observed","1387","21892.1","63.3561878485847","0.647525676937442","0.567017999346269","0.933058043769214","68.0479847026444","0.99703359726557","0.999506868860788"
"20130701|BR_CEJA|observed","20130701","BR_CEJA","observed","1491","23572.65","63.2512678888458","0.696078431372549","0.610545212304431","0.919016317639298","71.5006042905463","0.994849828064452","0.999999887618845"
"20130801|BR_CEJA|observed","20130801","BR_CEJA","observed","1561","24300.73","64.2367533814828","0.72875816993464","0.629402903661772","1","75.3199956065852","0.995232295759616","0.999871452738314"
"20130901|BR_CEJA|observed","20130901","BR_CEJA","observed","1634","25587.26","63.8599052809875","0.762838468720822","0.662724771673472","0.983702827110054","77.6977231284463","0.994527739300762","0.99960099812812"
"20131001|BR_CEJA|observed","20131001","BR_CEJA","observed","1717","27680.78","62.0285989050887","0.801587301587302","0.716948145492859","0.953921096154082","80.6662313672325","0.994014539294017","0.999100359892029"
"20131101|BR_CEJA|observed","20131101","BR_CEJA","observed","1779","29102.1","61.1296092034595","0.830532212885154","0.753761152140501","0.968627693534144","83.5119990791556","0.995628617803411","0.99829726027714"
"20131201|BR_CEJA|observed","20131201","BR_CEJA","observed","1842","30579.71","60.2360192428247","0.859943977591036","0.792032102209889","0.970519668106728","86.1685553079831","0.995097702707805","0.996669686131457"
"20140101|BR_CEJA|observed","20140101","BR_CEJA","observed","1908","31595.04","60.3892256506084","0.890756302521008","0.818329734016625","0.935148048554457","87.7906681176383","0.994796993548163","0.994698096757343"
"20140201|BR_CEJA|observed","20140201","BR_CEJA","observed","1979","32620.76","60.6668882024821","0.92390289449113","0.844896472807762","0.995463011897945","91.4512991467483","0.993603589891228","0.992157329044236"
"20140301|BR_CEJA|observed","20140301","BR_CEJA","observed","2011","33352.14","60.2959810075156","0.938842203548086","0.863839636065827","1","92.8572992593791","0.993085658118758","0.991028187599661"
"20140401|BR_CEJA|observed","20140401","BR_CEJA","observed","2041","34160.23","59.7478412762443","0.952847805788982","0.884769632507088","1","94.1854792646617","0.993729576844634","0.989340832724616"
"20140501|BR_CEJA|observed","20140501","BR_CEJA","observed","2082","35453.44","58.724907935591","0.971988795518207","0.918264516366315","1","96.1473752668998","0.992509050327526","0.987680658428714"
"20140601|BR_CEJA|observed","20140601","BR_CEJA","observed","2104","37130.91","56.6643801619729","0.982259570494865","0.961711955550468","1","97.9643371912573","0.990844768631147","0.986570810286404"
"20140701|BR_CEJA|observed","20140701","BR_CEJA","observed","2142","38609.18","55.4790337427524","1","1","1","100","0.988872779411159","0.985740132974836"
"20120301|BR_GLOBAL|observed","20120301","BR_GLOBAL","observed","18","109.8333994","163.884575168671","0.00470342304677293","0.00157241420314367","1","20.282343578433","0","0"
"20120401|BR_GLOBAL|observed","20120401","BR_GLOBAL","observed","79","500.3463987","157.89061379328","0.0206428011497256","0.00716313788069521","1","21.2470341939071","0","0"
"20120501|BR_GLOBAL|observed","20120501","BR_GLOBAL","observed","188","1380.0821646","136.223773353733","0.0491246407107395","0.0197577495459209","1","23.0489645219146","0.351181966414928","0.239022181982798"
"20120601|BR_GLOBAL|observed","20120601","BR_GLOBAL","observed","337","3616.65","93.1801529039304","0.0880585314868043","0.0517772540854231","1","25.9562441969029","0.829482714575987","0.600515985876428"
"20120701|BR_GLOBAL|observed","20120701","BR_GLOBAL","observed","496","6089.38","81.4532842424023","0.129605435066632","0.0871777405838812","1","29.095603970848","0.893850080146173","0.712392689906348"
"20120801|BR_GLOBAL|observed","20120801","BR_GLOBAL","observed","722","10114.16","71.3850680629929","0.18865952443167","0.144797929625654","1","33.7769141103531","0.9455403590773","0.85174300381366"
"20120901|BR_GLOBAL|observed","20120901","BR_GLOBAL","observed","999","14038.5","71.1614488727428","0.261039979095898","0.200980183727541","1","39.0814044666211","0.979014695246897","0.927494060627194"
"20121001|BR_GLOBAL|observed","20121001","BR_GLOBAL","observed","1318","18614.42","70.8053218956057","0.344395087535929","0.266490690001184","0.985092202711661","44.9163191310652","0.988563676398657","0.960484110518305"
"20121101|BR_GLOBAL|observed","20121101","BR_GLOBAL","observed","1577","22189.75","71.0688493561216","0.412072119153384","0.317676392197757","1","50.1338977236019","0.992030617529464","0.980360919029051"
"20121201|BR_GLOBAL|observed","20121201","BR_GLOBAL","observed","1765","25579.33","69.0010254373355","0.461196759864123","0.366202831002416","0.979729727088239","53.6405174650434","0.997400897071133","0.987287916603135"
"20130101|BR_GLOBAL|observed","20130101","BR_GLOBAL","observed","1946","28607.98","68.0229782039836","0.508492291612229","0.40956206692124","0.993673094010832","57.5849384684653","0.999511337136552","0.992187838335997"
"20130201|BR_GLOBAL|observed","20130201","BR_GLOBAL","observed","2113","31084.83","67.975279260012","0.552129605435067","0.445021536812294","0.927649596282174","59.5101183017656","0.999999822127672","0.99375354021675"
"20130301|BR_GLOBAL|observed","20130301","BR_GLOBAL","observed","2320","33965.7","68.3042010027763","0.606218970472955","0.486265101430677","0.939586111871682","63.6906238040017","0.998993751952677","0.997324613555291"
"20130401|BR_GLOBAL|observed","20130401","BR_GLOBAL","observed","2536","37836.39","67.0254218227479","0.66266004703423","0.541679282956648","0.902091610748277","67.4252130553765","0.998034610133498","0.997531446227945"
"20130501|BR_GLOBAL|observed","20130501","BR_GLOBAL","observed","2712","40240.87","67.3941691618496","0.708649072380455","0.576102678060769","0.875251206049969","70.2205580818452","0.997653946150838","0.998640370341365"
"20130601|BR_GLOBAL|observed","20130601","BR_GLOBAL","observed","2837","41522.68","68.3241062474773","0.741311732427489","0.594453528173231","0.977566476922973","74.4505220050308","0.99703359726557","0.999506868860788"
"20130701|BR_GLOBAL|observed","20130701","BR_GLOBAL","observed","2983","43988.48","67.8132092766106","0.779461719362425","0.629754802314726","0.935392175405924","76.5735735456815","0.994849828064452","0.999999887618845"
"20130801|BR_GLOBAL|observed","20130801","BR_GLOBAL","observed","3087","45462.35","67.9023411680215","0.806637052521557","0.650855252034462","1","79.8575101871117","0.995232295759616","0.999871452738314"
"20130901|BR_GLOBAL|observed","20130901","BR_GLOBAL","observed","3204","47649.65","67.2407877077796","0.837209302325581","0.682169420632763","1","82.3255477352619","0.994527739300762","0.99960099812812"
"20131001|BR_GLOBAL|observed","20131001","BR_GLOBAL","observed","3334","51386.04","64.8814347242948","0.871178468774497","0.735660915356398","0.934778005855287","84.3243110165225","0.994014539294017","0.999100359892029"
"20131101|BR_GLOBAL|observed","20131101","BR_GLOBAL","observed","3417","54594.6","62.5886076644943","0.892866475045728","0.781595807139768","1","88.0911979664794","0.995628617803411","0.99829726027714"
"20131201|BR_GLOBAL|observed","20131201","BR_GLOBAL","observed","3483","57157.46","60.93692756816","0.910112359550562","0.818286626933048","0.982801894975739","89.7102546850343","0.995097702707805","0.996669686131457"
"20140101|BR_GLOBAL|observed","20140101","BR_GLOBAL","observed","3557","58938.72","60.3508186129594","0.929448654298406","0.84378778176202","0.967381375096032","91.1336936697015","0.994796993548163","0.994698096757343"
"20140201|BR_GLOBAL|observed","20140201","BR_GLOBAL","observed","3636","60410.07","60.1886407348973","0.950091455448132","0.864852154261042","0.891590921844653","91.2819558371309","0.993603589891228","0.992157329044236"
"20140301|BR_GLOBAL|observed","20140301","BR_GLOBAL","observed","3674","61583.46","59.6588759384419","0.96002090410243","0.881650824901357","0.977161075392646","93.9937914600151","0.993085658118758","0.991028187599661"
"20140401|BR_GLOBAL|observed","20140401","BR_GLOBAL","observed","3700","63307.4","58.4449843146299","0.966814737392213","0.906331366122659","0.983406363237157","95.1988051180336","0.993729576844634","0.989340832724616"
"20140501|BR_GLOBAL|observed","20140501","BR_GLOBAL","observed","3748","65258.72","57.432937697828","0.979357198850274","0.934267160695529","0.961982092201625","96.2355166074121","0.992509050327526","0.987680658428714"
"20140601|BR_GLOBAL|observed","20140601","BR_GLOBAL","observed","3771","67776.74","55.6385568264275","0.985367128298929","0.970316035021819","0.891393419040219","96.2057058464054","0.990844768631147","0.986570810286404"
"20140701|BR_GLOBAL|observed","20140701","BR_GLOBAL","observed","3827","69850.17","54.7886998700218","1","1","0.912011667258648","98.240233345173","0.988872779411159","0.985740132974836"
